# Blender 5.0.1
# www.blender.org
mtllib fish.mtl
o fish
v 1.047862 0.044850 -0.103328
v 1.149100 0.005900 -0.208246
v -0.329916 0.004024 -0.235349
v -1.033532 0.000000 -0.245950
v -1.085130 0.000000 0.126172
v -0.639125 0.004979 0.154417
v -0.538732 0.005332 0.175979
v -0.083974 0.004479 0.312630
v 0.246189 0.005137 0.304787
v 0.928331 -0.005794 0.073968
v 0.496555 0.114860 -0.088689
v 0.647121 0.066547 0.125463
v 0.769038 0.028780 0.156017
v 0.371024 0.114851 -0.079578
v -0.966754 0.006723 0.018933
v 0.228648 0.117808 -0.067894
v -0.076154 0.102505 -0.020302
v -0.337956 0.076443 0.026030
v -0.546152 0.052529 0.050990
v -0.636873 0.037809 0.055789
v -0.722777 0.024392 0.051975
v -0.812965 0.015134 0.039774
v 0.992281 0.049566 -0.043219
v 0.954345 0.066976 -0.101299
v 0.940080 0.056033 -0.011039
v 0.890463 0.071800 -0.111364
v 0.790783 0.086029 -0.100409
v -0.210292 0.087747 0.004756
v -0.427154 0.005002 0.220458
v -0.445884 0.004737 -0.125190
v -0.446534 0.065874 0.040151
v 0.075006 0.113250 -0.045889
v 1.123926 0.028510 -0.183912
v 1.076392 0.036482 -0.216624
v 0.936102 0.045000 -0.271269
v 0.771104 0.065656 -0.315967
v 0.541951 0.083978 -0.280987
v 0.380840 0.090377 -0.273013
v 0.241580 0.087521 -0.292658
v 0.078507 0.081586 -0.253347
v -0.070310 0.073466 -0.207982
v -0.204730 0.063834 -0.150404
v -0.333969 0.053493 -0.100260
v -0.447519 0.046716 -0.047674
v -0.549018 0.037971 -0.015080
v -0.636283 0.027169 0.000298
v -0.721362 0.015757 -0.005743
v -0.817753 0.009049 -0.042662
v -1.003870 0.006484 -0.147353
v -1.006290 0.004622 0.125507
v -0.819311 0.009869 0.110134
v -0.724318 0.016911 0.110581
v -0.638341 0.024856 0.122935
v -0.540970 0.032952 0.138618
v -0.433238 0.034506 0.166689
v -0.343371 0.035485 0.192823
v -0.219074 0.042845 0.206664
v -0.081506 0.055248 0.210573
v 0.071007 0.066061 0.205587
v 0.240923 0.071814 0.196434
v 0.462971 0.070414 0.173880
v 0.876616 0.061218 0.020146
v 0.787085 0.064782 0.054736
v 0.678768 0.098834 -0.097125
v 0.713754 0.058711 -0.311627
v 1.040895 0.039237 -0.064649
v 1.005878 0.057075 -0.102198
v 1.106417 0.033074 -0.193893
v 0.812240 0.057402 -0.304904
v 0.774898 0.042103 -0.350901
v 0.764954 0.066146 -0.276241
v 0.928558 0.056683 -0.216003
v 1.028933 0.051650 -0.163695
v 1.055427 0.049391 -0.152746
v 1.073222 0.042604 -0.141878
v 0.837637 0.062712 -0.247353
v 0.833886 0.033050 -0.337555
v 0.713709 0.033756 -0.373444
v 0.564014 0.041969 -0.378191
v 0.394476 0.057089 -0.372325
v 0.807218 0.046510 -0.334564
v 0.723398 0.063400 -0.287868
v 0.737798 0.045621 -0.342786
v 0.800610 0.062251 -0.281927
v 0.776707 0.027938 -0.368779
v 0.681846 0.060074 -0.309960
v 0.769308 0.070681 -0.241669
v 0.693430 0.068883 -0.267254
v 0.841433 0.054107 -0.295293
v 0.773340 0.058631 -0.333922
v 0.741083 0.064080 -0.313937
v 0.792439 0.063733 -0.310722
v 0.767689 0.066661 -0.295195
v 0.789874 0.060238 -0.325916
v 0.746244 0.065676 -0.300861
v 0.754129 0.059803 -0.329517
v 0.785558 0.065340 -0.298952
v 1.097474 0.005211 -0.052515
v 1.132032 0.003362 -0.076119
v 0.970549 0.005743 0.038043
v 0.235727 0.004850 -0.448764
v -0.199795 -0.004181 -0.301433
v -0.223725 0.003989 0.296212
v 0.069279 0.004874 0.313908
v 1.134853 0.003824 -0.104409
v 0.780834 0.006041 -0.387115
v 1.053080 0.039574 -0.107393
v 1.140338 0.005890 -0.200558
v 1.119647 0.024633 -0.178709
v 1.074792 0.036878 -0.139284
v 1.127672 -0.005663 -0.111286
v 1.034018 0.036801 -0.110091
v 1.095920 0.022906 -0.176409
v 1.054208 0.034294 -0.139747
v 1.025843 0.040857 -0.106145
v 1.094567 0.025431 -0.179773
v 1.048258 0.038073 -0.139070
v -1.032817 0.002836 0.077910
v -0.591813 0.040064 0.093424
v -0.681670 0.027776 0.086113
v -0.762662 0.017800 0.079119
v -0.492168 0.050340 0.097110
v -0.280627 0.064133 0.098621
v -0.005827 0.092651 0.076402
v 0.588968 0.102588 -0.189357
v 0.814847 0.007405 0.161640
v 0.705642 0.023953 0.185118
v 0.320130 0.110484 0.029604
v 0.486092 0.097301 0.031620
v -0.897507 0.009610 0.077653
v 0.429674 0.105035 -0.190125
v 0.299828 0.110375 -0.187629
v 0.153654 0.109951 -0.171268
v -0.141641 0.090310 -0.091647
v -0.394049 0.066984 -0.016490
v -0.592846 0.042345 0.022337
v -0.680004 0.028079 0.026760
v -0.761488 0.016792 0.015923
v -0.897452 0.010092 -0.032635
v -1.030549 0.003733 -0.074142
v 0.988067 0.064953 -0.078103
v 1.068517 0.037778 -0.184176
v 0.944617 0.064472 -0.062701
v 0.999898 0.048572 -0.217137
v 0.778211 0.043384 0.120760
v 1.110889 0.015749 -0.064659
v 0.941740 0.032219 0.045793
v 0.798996 0.062478 -0.298093
v -0.148836 0.076966 0.091921
v -0.272937 0.077530 -0.048308
v -0.392193 0.056715 0.103946
v -0.499397 0.055905 0.005925
v 0.152689 0.105180 0.038909
v 0.000463 0.102082 -0.135893
v 1.117811 0.015705 -0.223205
v 1.029256 0.022505 -0.258139
v 0.788013 0.051666 -0.338259
v 0.714457 0.049109 -0.332679
v 0.468003 0.067856 -0.332427
v 0.334117 0.081574 -0.318259
v 0.157210 0.045936 -0.392499
v 0.006203 0.041779 -0.350451
v -0.134889 0.037010 -0.290468
v -0.267396 0.031229 -0.226658
v -0.390146 0.026570 -0.152510
v -0.500727 0.022953 -0.068058
v -0.595080 0.017756 -0.029421
v -0.678406 0.011347 -0.027483
v -0.760565 0.006004 -0.050729
v -0.922451 0.004222 -0.151107
v -1.085184 0.002155 -0.242332
v -1.099833 0.001258 0.173642
v -0.926955 0.003740 0.153550
v -0.763704 0.007013 0.130951
v -0.683462 0.011044 0.139625
v -0.591128 0.015475 0.157620
v -0.482239 0.017388 0.181536
v -0.387577 0.016300 0.228806
v -0.288413 0.017832 0.261255
v -0.154355 0.023666 0.285828
v -0.008200 0.030689 0.290897
v 0.149923 0.035834 0.287885
v 0.368616 0.037244 0.268342
v 0.574731 0.034939 0.225708
v 0.874187 0.074287 -0.043242
v 0.644582 0.090139 0.001893
v 0.887218 0.033913 0.085625
v 0.784284 0.082718 -0.024539
v 0.748801 0.065689 -0.288251
v 0.733926 0.057150 -0.324966
v 0.996122 0.029390 0.010653
v 1.054792 0.025565 -0.029517
v 1.079945 0.032466 -0.089754
v 1.093189 0.033578 -0.168221
v 1.137254 0.011824 -0.206602
v 0.798477 0.036646 -0.351673
v 0.730699 0.084430 -0.181976
v 0.820578 0.059542 -0.284533
v 0.884398 0.063923 -0.194641
v 0.953561 0.061149 -0.149020
v 1.011444 0.054163 -0.129156
v 1.047116 0.050514 -0.116161
v 0.643510 0.068935 -0.292984
v 0.817956 0.074925 -0.176498
v 0.892681 0.020427 -0.324619
v 0.808165 0.015411 -0.370730
v 0.754253 0.015681 -0.393359
v 0.656427 0.018648 -0.413366
v 0.491293 0.025182 -0.429937
v 0.315132 0.038681 -0.424742
v 0.785438 0.064154 -0.317857
v 0.821908 0.047882 -0.320431
v 0.751737 0.065811 -0.310126
v 0.766349 0.062428 -0.327534
v 0.752142 0.036399 -0.360038
v 0.775681 0.066363 -0.303075
v 0.792630 0.064949 -0.266813
v 0.628849 0.054098 -0.335750
v 0.738413 0.065956 -0.274235
v 0.705210 0.062023 -0.295935
v 0.867117 0.046171 -0.302202
v 0.883579 0.055986 -0.263088
v 0.783830 0.065577 -0.308379
v 0.778948 0.062607 -0.326141
v 0.761518 0.066459 -0.303753
v 0.754910 0.064113 -0.320337
v 0.802615 0.057298 -0.319489
v 0.726790 0.063330 -0.302205
v 0.759666 0.051015 -0.341394
v 0.780666 0.065340 -0.286574
v 1.053288 0.044097 -0.118385
v 1.104686 0.024595 -0.106295
v 1.141112 0.014194 -0.198933
v 1.101987 0.033584 -0.160102
v 1.043275 0.039673 -0.121144
v 1.089517 0.022127 -0.110268
v 1.123280 0.012669 -0.193483
v 1.087089 0.030214 -0.158676
v 1.027740 0.040402 -0.120690
v 1.074832 0.022534 -0.109613
v 1.109216 0.012902 -0.194357
v 1.072359 0.030770 -0.158911
v 1.049647 0.046911 -0.117665
v 1.144920 -0.005024 -0.210361
v -0.760444 0.002217 -0.061978
v -0.763800 0.003699 0.135586
v 1.098614 0.027237 -0.101074
v -0.133411 0.004352 -0.334821
v 0.496226 0.004616 -0.446693
v 0.813187 0.002602 0.163931
v 0.825210 0.002784 0.158076
v 0.896014 0.005970 0.091791
v 1.002751 -0.005873 0.017759
v -0.638957 0.013142 0.147891
v -0.724945 0.009045 0.133689
v -0.823216 0.005170 0.136031
v -0.539196 0.017179 0.168102
v -0.345621 0.016408 0.244373
v -0.083245 0.027297 0.289777
v 0.245151 0.037122 0.281641
v 0.579256 0.021362 -0.425210
v 0.558651 0.097802 0.017918
v 0.728884 0.043743 0.151897
v 0.811806 0.023058 0.142979
v 0.764302 0.015244 0.175670
v 0.641317 0.031271 0.192590
v 0.489111 0.036437 0.250619
v -1.033100 0.002508 0.170442
v -0.979723 0.007189 -0.062705
v 0.366969 0.107801 -0.189062
v 0.407500 0.112946 -0.083216
v 0.228604 0.111508 -0.182729
v 0.302749 0.116871 -0.074638
v -0.073251 0.096655 -0.114515
v 0.152318 0.116465 -0.057877
v -0.336000 0.071905 -0.030490
v -0.144675 0.095119 -0.007518
v -0.547662 0.049260 0.015190
v -0.394148 0.071339 0.033750
v -0.636458 0.035253 0.026487
v -0.592337 0.045190 0.054354
v -0.722131 0.021650 0.023218
v -0.680702 0.030697 0.054915
v -0.814465 0.013080 -0.000802
v -0.762051 0.019435 0.047212
v -0.889960 0.010796 0.028808
v -1.017067 0.003219 0.014767
v 0.588300 0.106312 -0.093354
v 1.097727 0.023865 -0.073388
v 0.985527 0.065586 -0.102793
v 0.969429 0.062944 -0.071569
v 0.993177 0.060793 -0.133965
v 0.935345 0.066488 -0.102464
v 0.913203 0.068937 -0.052836
v 0.914094 0.063689 -0.168016
v 0.968008 0.052855 -0.027781
v 0.840193 0.079371 -0.103082
v 0.919929 0.033116 0.064923
v 0.773975 0.080123 -0.177738
v -0.275695 0.081716 0.016152
v -0.222442 0.020332 0.277003
v -0.201186 0.034325 -0.257506
v -0.387221 -0.004685 0.240164
v -0.497376 0.059513 0.046077
v -0.428388 0.016847 0.209950
v -0.446539 0.024987 -0.098529
v -0.002039 0.108573 -0.033228
v 0.069837 0.033612 0.289996
v 0.081331 0.043962 -0.373951
v 1.141568 0.015837 -0.203097
v 1.094537 0.020205 -0.236166
v 1.116879 0.023252 -0.186556
v 0.954607 0.023186 -0.294386
v 1.014426 0.040275 -0.236470
v 0.772622 0.062839 -0.326342
v 0.880406 0.052193 -0.282929
v 0.499741 0.109274 -0.190371
v 0.754381 0.065326 -0.315148
v 0.392833 0.074635 -0.319884
v 0.452949 0.085896 -0.274063
v 0.234819 0.045057 -0.408635
v 0.311669 0.094389 -0.271741
v 0.076949 0.106534 -0.155054
v 0.154796 0.084908 -0.271947
v -0.066446 0.039442 -0.322469
v 0.002782 0.077744 -0.232247
v -0.207329 0.083713 -0.069006
v -0.138715 0.068840 -0.179636
v -0.331018 0.028414 -0.196704
v -0.270548 0.058419 -0.125912
v -0.448157 0.061930 -0.004840
v -0.392835 0.049958 -0.066614
v -0.551100 0.020525 -0.043357
v -0.499943 0.042668 -0.029926
v -0.636303 0.014685 -0.024660
v -0.593656 0.032782 -0.004848
v -0.720217 0.008275 -0.036602
v -0.679322 0.021203 -0.000117
v -0.820845 0.004623 -0.084139
v -0.760988 0.011703 -0.016230
v -1.024270 0.003750 -0.215787
v -0.911208 0.007800 -0.096124
v -1.058257 0.003627 -0.167086
v -0.979893 0.005947 0.078337
v -1.064754 0.002282 0.126973
v -0.815237 0.013627 0.077400
v -0.912402 0.007078 0.117901
v -0.723550 0.022420 0.082220
v -0.763241 0.013216 0.108185
v -0.637574 0.033711 0.090086
v -0.682670 0.020748 0.115851
v -0.543605 0.045914 0.095856
v -0.591376 0.029360 0.130772
v -0.440731 0.053791 0.097478
v -0.486321 0.034320 0.145726
v -0.340835 0.059900 0.105784
v -0.389203 0.034554 0.182235
v -0.215180 0.069720 0.094833
v -0.284837 0.038324 0.200148
v -0.083220 0.084510 0.101072
v -0.151787 0.048823 0.209991
v 0.074367 0.097913 0.053667
v -0.006761 0.061110 0.208783
v 0.233434 0.109501 0.033028
v 0.150355 0.069755 0.201949
v 0.409886 0.110918 0.032983
v 0.352334 0.071859 0.187266
v 0.550778 0.067999 0.150405
v 0.964880 0.031039 0.027472
v 0.830303 0.079291 -0.033837
v 0.910235 0.058846 0.004708
v 0.837367 0.063070 0.035963
v 0.720368 0.066733 0.079045
v 0.843219 0.041783 0.111345
v 0.741619 0.092958 -0.098950
v 0.725816 0.085892 -0.013308
v 0.705147 0.057936 -0.311359
v 0.673804 0.089837 -0.186690
v 1.029682 0.027492 -0.010635
v 1.011161 0.046415 -0.055050
v 1.077370 0.022140 -0.054389
v 1.036769 0.049515 -0.100497
v 1.018354 0.050185 -0.082188
v 1.099194 0.028785 -0.207930
v 1.025614 0.055912 -0.125604
v 1.130352 0.018499 -0.209903
v 0.802203 0.060639 -0.307943
v 0.775618 0.035703 -0.359697
v 0.812591 0.052002 -0.320205
v 0.755780 0.042571 -0.350224
v 0.765836 0.066313 -0.285618
v 0.713912 0.061835 -0.298418
v 0.785154 0.064663 -0.276809
v 0.937919 0.052403 -0.244620
v 1.052363 0.044906 -0.194136
v 0.981126 0.053496 -0.191025
v 1.081801 0.045006 -0.175778
v 1.045386 0.048165 -0.158531
v 1.099074 0.036794 -0.164301
v 1.066437 0.039175 -0.145572
v 0.617175 0.076830 -0.263454
v 0.882841 0.059309 -0.235914
v 0.856733 0.068844 -0.181163
v 0.843588 0.016933 -0.350012
v 0.882452 0.037076 -0.308712
v 0.715970 0.016826 -0.404102
v 0.549255 0.061066 -0.335310
v 0.643861 0.036835 -0.378382
v 0.400459 0.030744 -0.431921
v 0.479301 0.048442 -0.379792
v 0.317633 0.068745 -0.354715
v 0.793349 0.043313 -0.345256
v 0.781933 0.063588 -0.321826
v 0.815609 0.040335 -0.337883
v 0.742390 0.065280 -0.280202
v 0.757322 0.066105 -0.307698
v 0.715873 0.063866 -0.283992
v 0.722753 0.052154 -0.328165
v 0.761702 0.063399 -0.323843
v 0.731041 0.040333 -0.353206
v 0.808942 0.060325 -0.291614
v 0.779509 0.065951 -0.306583
v 0.812487 0.061986 -0.271864
v 0.780146 0.015210 -0.384233
v 0.752636 0.028701 -0.379529
v 0.803219 0.028425 -0.358778
v 0.624884 0.066208 -0.305783
v 0.690059 0.049322 -0.339041
v 0.766206 0.066812 -0.268047
v 0.735104 0.070674 -0.248707
v 0.686477 0.064267 -0.294282
v 0.803446 0.067826 -0.239179
v 0.822013 0.055534 -0.301597
v 0.837701 0.045688 -0.315589
v 0.842569 0.058604 -0.275430
v 0.774119 0.050732 -0.342218
v 0.726636 0.061317 -0.312558
v 0.783483 0.065174 -0.313273
v 0.769354 0.066536 -0.304442
v 0.798471 0.053845 -0.330377
v 0.734229 0.064388 -0.293953
v 0.745865 0.052994 -0.335677
v 0.792112 0.063738 -0.290779
v 0.790655 0.064672 -0.303757
v 0.783027 0.058999 -0.331569
v 0.755793 0.066357 -0.296584
v 0.745467 0.061876 -0.322429
v 0.793167 0.061954 -0.318587
v 0.740510 0.065120 -0.306423
v 0.763341 0.058657 -0.333746
v 0.777923 0.066174 -0.295474
v -1.051914 0.000000 0.077420
v 0.701702 0.005429 0.197788
v 1.127992 -0.004387 -0.065367
v 0.949296 -0.005689 0.056486
v 0.157887 -0.004813 -0.434823
v -0.678074 0.004057 -0.036351
v -1.105415 0.000000 -0.246070
v -0.289610 0.004049 0.278337
v 0.373097 -0.005261 0.289432
v 1.126072 -0.003686 -0.092321
v 1.054342 0.041768 -0.105259
v 1.145457 0.006166 -0.204317
v 1.124599 0.025998 -0.180528
v 1.077257 0.038922 -0.138918
v 1.135569 -0.004336 -0.109639
v 1.052081 0.041781 -0.119829
v 1.100780 0.023303 -0.108375
v 1.136338 0.013342 -0.196012
v 1.098223 0.031820 -0.159355
v 1.044224 0.037577 -0.109335
v 1.107432 0.023390 -0.177054
v 1.064840 0.035018 -0.139617
v 1.033089 0.038853 -0.121656
v 1.078375 0.021670 -0.111004
v 1.111440 0.012407 -0.192499
v 1.075997 0.029590 -0.158412
v 1.028707 0.038268 -0.108664
v 1.113164 0.005546 -0.198844
v 1.093076 0.023819 -0.177626
v 1.049702 0.035661 -0.139502
v 1.101932 0.004757 -0.112547
v 1.024811 0.043135 -0.118985
v 1.075089 0.024058 -0.107159
v 1.111799 0.013774 -0.197636
v 1.072449 0.032851 -0.159792
v -0.004632 0.093459 0.065429
v 0.073226 0.101500 0.037128
v 0.151321 0.105955 0.021494
v 0.231816 0.107553 0.013346
v 0.317366 0.106519 0.009288
v 0.402736 0.103188 0.013409
v 0.468717 0.102137 -0.004172
v 0.841061 -0.003518 0.141114
v 0.813168 0.014124 0.151338
v 0.767298 0.021607 0.163320
v 0.724796 0.037394 0.157937
v 0.640354 0.061176 0.131411
v 0.528591 0.095555 0.023595
v 0.427884 0.111585 -0.082849
v 0.468419 0.102537 -0.190261
v 0.517836 0.081026 -0.279111
v -1.035602 0.000000 0.014112
v -1.098451 0.000000 -0.275530
v -1.064754 -0.002282 0.126973
v -1.032817 -0.002836 0.077910
v -1.006290 -0.004622 0.125507
v -0.979893 -0.005947 0.078337
v -0.966754 -0.006723 0.018933
v -1.017067 -0.003219 0.014767
v -0.540970 -0.032952 0.138618
v -0.543605 -0.045914 0.095856
v -0.591813 -0.040064 0.093424
v -0.591376 -0.029360 0.130772
v -0.546152 -0.052529 0.050990
v -0.592337 -0.045190 0.054354
v -0.636873 -0.037809 0.055789
v -0.637574 -0.033711 0.090086
v -0.638341 -0.024856 0.122935
v -0.681670 -0.027776 0.086113
v -0.682670 -0.020748 0.115851
v -0.680702 -0.030697 0.054915
v -0.722777 -0.024392 0.051975
v -0.723550 -0.022420 0.082220
v -0.724318 -0.016911 0.110581
v -0.762662 -0.017800 0.079119
v -0.763241 -0.013216 0.108185
v -0.762051 -0.019435 0.047212
v -0.812965 -0.015134 0.039774
v -0.815237 -0.013627 0.077400
v -0.819311 -0.009869 0.110134
v -0.433238 -0.034506 0.166689
v -0.440731 -0.053791 0.097478
v -0.492168 -0.050340 0.097110
v -0.486321 -0.034320 0.145726
v -0.446534 -0.065874 0.040151
v -0.497376 -0.059513 0.046077
v -0.219074 -0.042845 0.206664
v -0.215180 -0.069720 0.094833
v -0.280627 -0.064133 0.098621
v -0.284837 -0.038324 0.200148
v -0.210292 -0.087747 0.004756
v -0.275695 -0.081716 0.016152
v -0.337956 -0.076443 0.026030
v -0.340835 -0.059900 0.105784
v -0.343371 -0.035485 0.192823
v 0.071007 -0.066061 0.205587
v 0.072420 -0.097913 0.074697
v -0.005055 -0.092651 0.081526
v -0.006761 -0.061110 0.208783
v 0.073226 -0.101500 0.037128
v 0.075006 -0.113250 -0.045889
v -0.002039 -0.108573 -0.033228
v -0.004632 -0.093459 0.065429
v -0.076154 -0.102505 -0.020302
v -0.083220 -0.084510 0.101072
v -0.081506 -0.055248 0.210573
v 0.496555 -0.114860 -0.088689
v 0.588300 -0.106312 -0.093354
v 0.588968 -0.102588 -0.189357
v 0.499741 -0.109274 -0.190371
v 0.678768 -0.098834 -0.097125
v 0.673804 -0.089837 -0.186690
v 0.693430 -0.068883 -0.267254
v 0.617175 -0.076830 -0.263454
v 0.541951 -0.083978 -0.280987
v 0.767300 -0.021607 0.163114
v 0.764303 -0.015244 0.175523
v 0.814847 -0.007405 0.161640
v 0.813168 -0.014124 0.151338
v 0.761499 0.005565 0.182184
v 0.724799 -0.037394 0.157555
v 0.705643 -0.023953 0.184858
v 0.640358 -0.061176 0.130776
v 0.641319 -0.031271 0.192225
v 0.637730 0.005327 0.211118
v 0.228648 -0.117808 -0.067894
v 0.231816 -0.107553 0.013346
v 0.317366 -0.106519 0.009288
v 0.302749 -0.116871 -0.074638
v 0.233642 -0.109501 0.060170
v 0.240923 -0.071814 0.196434
v 0.352334 -0.071859 0.187266
v 0.324853 -0.110484 0.052278
v 0.462971 -0.070414 0.173880
v 0.412845 -0.110918 0.043054
v 0.402736 -0.103188 0.013409
v 0.371024 -0.114851 -0.079578
v 0.468717 -0.102137 -0.004172
v 0.407500 -0.112946 -0.083216
v 0.486092 -0.097301 0.031620
v 0.528591 -0.095555 0.023595
v 0.550783 -0.067999 0.149736
v 0.427884 -0.111585 -0.082849
v -0.897507 -0.009610 0.077653
v -0.912402 -0.007078 0.117901
v -0.889960 -0.010796 0.028808
v 0.468419 -0.102537 -0.190261
v 0.429674 -0.105035 -0.190125
v 0.517836 -0.081026 -0.279111
v 0.452949 -0.085896 -0.274063
v 0.380840 -0.090377 -0.273013
v 0.366969 -0.107801 -0.189062
v 0.299828 -0.110375 -0.187629
v 0.311669 -0.094389 -0.271741
v 0.241580 -0.087521 -0.292658
v 0.228604 -0.111508 -0.182729
v 0.153654 -0.109951 -0.171268
v 0.152318 -0.116465 -0.057877
v 0.154796 -0.084908 -0.271947
v 0.078507 -0.081586 -0.253347
v 0.076949 -0.106534 -0.155054
v -0.073251 -0.096655 -0.114515
v -0.141641 -0.090310 -0.091647
v -0.144675 -0.095119 -0.007518
v -0.070310 -0.073466 -0.207982
v -0.138715 -0.068840 -0.179636
v -0.204730 -0.063834 -0.150404
v -0.207329 -0.083713 -0.069006
v -0.336000 -0.071905 -0.030490
v -0.394049 -0.066984 -0.016490
v -0.394148 -0.071339 0.033750
v -0.333969 -0.053493 -0.100260
v -0.392835 -0.049958 -0.066614
v -0.447519 -0.046716 -0.047674
v -0.448157 -0.061930 -0.004840
v -0.547662 -0.049260 0.015190
v -0.592846 -0.042345 0.022337
v -0.549018 -0.037971 -0.015080
v -0.593656 -0.032782 -0.004848
v -0.636283 -0.027169 0.000298
v -0.636458 -0.035253 0.026487
v -0.680004 -0.028079 0.026760
v -0.679322 -0.021203 -0.000117
v -0.721362 -0.015757 -0.005743
v -0.722131 -0.021650 0.023218
v -0.761488 -0.016792 0.015923
v -0.760988 -0.011703 -0.016230
v -0.817753 -0.009049 -0.042662
v -0.814465 -0.013080 -0.000802
v -0.897452 -0.010092 -0.032635
v -0.911208 -0.007800 -0.096124
v -1.003870 -0.006484 -0.147353
v -0.979723 -0.007189 -0.062705
v -1.030549 -0.003733 -0.074142
v -1.058257 -0.003627 -0.167086
v -1.075882 0.000000 -0.169078
v -1.048102 0.000000 -0.075203
v 0.992281 -0.049566 -0.043219
v 1.011161 -0.046415 -0.055050
v 0.987586 -0.057835 -0.076880
v 0.969165 -0.060802 -0.071246
v 1.040895 -0.039237 -0.064649
v 1.018354 -0.050185 -0.082188
v 1.005878 -0.057075 -0.102198
v 0.985699 -0.060725 -0.102041
v 0.964878 -0.063014 -0.101979
v 1.059381 -0.046110 -0.149268
v 1.088997 -0.039270 -0.170051
v 1.078200 -0.041818 -0.177106
v 1.048722 -0.048165 -0.156098
v 1.113735 -0.030377 -0.189101
v 1.102194 -0.033085 -0.195193
v 1.073391 -0.036482 -0.209110
v 1.052373 -0.044906 -0.191134
v 1.026021 -0.050430 -0.168538
v 0.940080 -0.056033 -0.011039
v 0.968008 -0.052855 -0.027781
v 0.944617 -0.064472 -0.062701
v 0.913203 -0.068937 -0.052836
v 0.935345 -0.066488 -0.102464
v 0.890463 -0.071800 -0.111364
v 0.999898 -0.048572 -0.217137
v 0.981126 -0.053496 -0.191025
v 1.014426 -0.040275 -0.236470
v 0.936102 -0.045000 -0.271269
v 0.937919 -0.052403 -0.244620
v 0.928558 -0.056683 -0.216003
v 0.647125 -0.066547 0.124783
v 0.728887 -0.043743 0.151458
v 0.778211 -0.043384 0.120760
v 0.720368 -0.066733 0.079045
v 0.769040 -0.028780 0.155746
v 0.811806 -0.023058 0.142979
v 0.858676 0.005669 0.121996
v 0.843219 -0.041783 0.111345
v 0.787085 -0.064782 0.054736
v 1.110889 -0.015749 -0.064659
v 1.077370 -0.022140 -0.054389
v 1.097727 -0.023865 -0.073388
v 0.941740 -0.032219 0.045793
v 0.919929 -0.033116 0.064923
v 0.964880 -0.031039 0.027472
v 0.910235 -0.058846 0.004708
v 0.876616 -0.061218 0.020146
v 0.812235 -0.057402 -0.304443
v 0.802198 -0.060639 -0.307453
v 0.798994 -0.062478 -0.297892
v 0.808942 -0.060325 -0.291614
v 0.792433 -0.063733 -0.310203
v 0.790650 -0.064672 -0.303279
v 0.785555 -0.065340 -0.298703
v 0.792112 -0.063738 -0.290779
v 0.800610 -0.062251 -0.281927
v -0.148836 -0.076966 0.091921
v -0.151787 -0.048823 0.209991
v -0.272937 -0.077530 -0.048308
v -0.270548 -0.058419 -0.125912
v -0.392193 -0.056715 0.103946
v -0.389203 -0.034554 0.182235
v -0.499397 -0.055905 0.005925
v -0.499943 -0.042668 -0.029926
v 0.150742 -0.105180 0.067611
v 0.150355 -0.069755 0.201949
v 0.151321 -0.105955 0.021494
v 0.000463 -0.102082 -0.135893
v 0.002782 -0.077744 -0.232247
v 1.138477 -0.005149 -0.213805
v 1.124306 0.005297 -0.229312
v 1.122481 -0.018104 -0.212771
v 1.132868 -0.016448 -0.207564
v 1.109001 0.005406 -0.245650
v 1.093068 -0.020205 -0.227170
v 1.029256 -0.022505 -0.258139
v 1.034940 0.005430 -0.266802
v 0.958429 0.005455 -0.304188
v 0.954607 -0.023186 -0.294386
v 0.774894 -0.042103 -0.350513
v 0.774114 -0.050732 -0.341765
v 0.788008 -0.051666 -0.337802
v 0.793345 -0.043313 -0.344863
v 0.773335 -0.058631 -0.333415
v 0.783021 -0.058999 -0.331062
v 0.789868 -0.060238 -0.325406
v 0.798466 -0.053845 -0.329913
v 0.807213 -0.046510 -0.334157
v 0.681846 -0.060074 -0.309960
v 0.705147 -0.057936 -0.311359
v 0.714412 -0.049109 -0.331939
v 0.689834 -0.049322 -0.337212
v 0.713754 -0.058711 -0.311627
v 0.722748 -0.052154 -0.327738
v 0.737794 -0.045621 -0.342389
v 0.730857 -0.040333 -0.351362
v 0.713544 -0.033756 -0.371830
v 0.549118 -0.061066 -0.333890
v 0.467850 -0.067856 -0.330839
v 0.563914 -0.041969 -0.377161
v 0.479181 -0.048442 -0.378555
v 0.394349 -0.057089 -0.371005
v 0.392833 -0.074635 -0.319884
v 0.334117 -0.081574 -0.318259
v 0.317633 -0.068745 -0.354715
v 0.234819 -0.045057 -0.408635
v 0.157210 -0.045936 -0.392499
v 0.082181 0.004721 -0.416526
v 0.081331 -0.043962 -0.373951
v 0.006203 -0.041779 -0.350451
v 0.007366 0.004600 -0.393766
v -0.065013 0.004479 -0.366525
v -0.066446 -0.039442 -0.322469
v -0.134889 -0.037010 -0.290468
v -0.201186 -0.034325 -0.257506
v -0.267396 -0.031229 -0.226658
v -0.266137 0.004013 -0.269031
v -0.331018 -0.028414 -0.196704
v -0.390146 -0.026570 -0.152510
v -0.389027 -0.004322 -0.188564
v -0.446539 -0.024987 -0.098529
v -0.500727 -0.022953 -0.068058
v -0.501078 -0.005122 -0.083312
v -0.552002 0.005381 -0.053421
v -0.551100 -0.020525 -0.043357
v -0.595080 -0.017756 -0.029421
v -0.595686 0.005329 -0.037564
v -0.636343 0.004892 -0.032776
v -0.636303 -0.014685 -0.024660
v -0.678406 -0.011347 -0.027483
v -0.719795 0.003018 -0.046705
v -0.720217 -0.008275 -0.036602
v -0.760565 -0.006004 -0.050729
v -0.823729 0.000000 -0.101038
v -0.820845 -0.004623 -0.084139
v -0.922451 -0.004222 -0.151107
v -0.927445 0.000000 -0.176472
v -1.024270 -0.003750 -0.215787
v -1.085184 -0.002155 -0.242332
v -1.124117 0.000000 -0.284066
v -1.099833 -0.001258 0.173642
v -1.046608 0.000000 0.192352
v -1.033100 -0.002508 0.170442
v -0.926955 -0.003740 0.153550
v -0.934145 0.000000 0.170226
v -0.826529 0.000000 0.143791
v -0.823216 -0.005170 0.136031
v -0.763704 -0.007013 0.130951
v -0.725094 -0.004206 0.139167
v -0.724945 -0.009045 0.133689
v -0.683462 -0.011044 0.139625
v -0.683662 0.004634 0.145658
v -0.638957 -0.013142 0.147891
v -0.591128 -0.015475 0.157620
v -0.591077 -0.005237 0.164764
v -0.539196 -0.017179 0.168102
v -0.482239 -0.017388 0.181536
v -0.481150 -0.005226 0.191221
v -0.428388 -0.016847 0.209950
v -0.387577 -0.016300 0.228806
v -0.346343 0.004321 0.257924
v -0.345621 -0.016408 0.244373
v -0.288413 -0.017832 0.261255
v -0.222442 -0.020332 0.277003
v -0.154355 -0.023666 0.285828
v -0.155353 0.004194 0.307939
v -0.083245 -0.027297 0.289777
v -0.008200 -0.030689 0.290897
v -0.008837 -0.004702 0.314397
v 0.069837 -0.033612 0.289996
v 0.149923 -0.035834 0.287885
v 0.149598 0.005011 0.311828
v 0.245151 -0.037122 0.281641
v 0.368616 -0.037244 0.268342
v 0.495058 0.005324 0.269957
v 0.489111 -0.036437 0.250619
v 0.574733 -0.034939 0.225328
v 0.576267 0.005325 0.246232
v 0.874187 -0.074287 -0.043242
v 0.840193 -0.079371 -0.103082
v 0.790783 -0.086029 -0.100409
v 0.830303 -0.079291 -0.033837
v 0.644582 -0.090139 0.001893
v 0.725816 -0.085892 -0.013308
v 0.558651 -0.097802 0.017918
v 0.887218 -0.033913 0.085625
v 0.837367 -0.063070 0.035963
v 0.784284 -0.082718 -0.024539
v 0.741619 -0.092958 -0.098950
v 0.764954 -0.066146 -0.276241
v 0.765836 -0.066313 -0.285618
v 0.748801 -0.065689 -0.288251
v 0.742390 -0.065280 -0.280202
v 0.767689 -0.066661 -0.295195
v 0.755793 -0.066357 -0.296584
v 0.746244 -0.065676 -0.300861
v 0.734229 -0.064388 -0.293953
v 0.723398 -0.063400 -0.287868
v 0.726635 -0.061317 -0.312408
v 0.733920 -0.057150 -0.324496
v 0.741077 -0.064080 -0.313423
v 0.745461 -0.061876 -0.321919
v 0.754124 -0.059803 -0.329011
v 0.745860 -0.052994 -0.335221
v 0.996122 -0.029390 0.010653
v 1.029682 -0.027492 -0.010635
v 1.038439 -0.005811 -0.005261
v 1.054792 -0.025565 -0.029517
v 1.068963 0.005810 -0.029494
v 1.079945 -0.032466 -0.089754
v 1.098614 -0.027237 -0.101074
v 1.047862 -0.044850 -0.103328
v 1.033489 -0.049515 -0.101994
v 1.074342 -0.041179 -0.139899
v 1.100626 -0.035415 -0.161709
v 1.096385 -0.037223 -0.164972
v 1.068153 -0.043678 -0.143609
v 1.124338 -0.027375 -0.182650
v 1.120917 -0.028654 -0.185213
v 1.139598 -0.015479 -0.204174
v 1.142703 -0.014817 -0.201587
v 0.833883 -0.033050 -0.337271
v 0.803216 -0.028425 -0.358510
v 0.798473 -0.036646 -0.351334
v 0.815606 -0.040335 -0.337529
v 0.776704 -0.027938 -0.368506
v 0.775614 -0.035703 -0.359359
v 0.730699 -0.084430 -0.181976
v 0.773975 -0.080123 -0.177738
v 0.769308 -0.070681 -0.241669
v 0.735104 -0.070674 -0.248707
v 0.837637 -0.062712 -0.247353
v 0.842569 -0.058604 -0.275430
v 0.820578 -0.059542 -0.284533
v 0.812487 -0.061986 -0.271864
v 0.841433 -0.054107 -0.295293
v 0.822012 -0.055534 -0.301447
v 0.914094 -0.063689 -0.168016
v 0.884398 -0.063923 -0.194641
v 0.856733 -0.068844 -0.181163
v 0.882841 -0.059309 -0.235914
v 0.953561 -0.061149 -0.149020
v 0.990343 -0.058011 -0.136615
v 1.011983 -0.055984 -0.129762
v 1.025614 -0.053881 -0.125604
v 1.038373 -0.050514 -0.121281
v 1.048263 -0.046911 -0.118354
v 0.686477 -0.064267 -0.294282
v 0.643510 -0.068935 -0.292984
v 0.624884 -0.066208 -0.305783
v 0.803446 -0.067826 -0.239179
v 0.817956 -0.074925 -0.176498
v 0.892681 -0.020427 -0.324619
v 0.882452 -0.037076 -0.308712
v 0.895470 0.005583 -0.332106
v 0.845637 0.005812 -0.354447
v 0.843587 -0.016933 -0.349865
v 0.808164 -0.015411 -0.370582
v 0.809353 0.006005 -0.373724
v 0.780144 -0.015210 -0.384079
v 0.754181 -0.015681 -0.392638
v 0.752603 -0.028701 -0.379011
v 0.755207 -0.005860 -0.397260
v 0.718032 0.005464 -0.410744
v 0.715885 -0.016826 -0.403279
v 0.656323 -0.018648 -0.412526
v 0.643675 -0.036835 -0.376870
v 0.660554 0.004946 -0.424495
v 0.584883 0.004638 -0.436679
v 0.579106 -0.021362 -0.423878
v 0.491234 -0.025182 -0.429582
v 0.403583 -0.004697 -0.452527
v 0.400399 -0.030744 -0.431667
v 0.315132 -0.038681 -0.424742
v 0.316863 0.004801 -0.456441
v 0.771098 -0.065656 -0.315428
v 0.783477 -0.065174 -0.312740
v 0.785432 -0.064154 -0.317326
v 0.781927 -0.063588 -0.321295
v 0.793162 -0.061954 -0.318072
v 0.812586 -0.052002 -0.319770
v 0.821903 -0.047882 -0.320033
v 0.837697 -0.045688 -0.315221
v 0.754375 -0.065326 -0.314617
v 0.751732 -0.065811 -0.309603
v 0.757317 -0.066105 -0.307205
v 0.740508 -0.065120 -0.306274
v 0.772617 -0.062839 -0.325811
v 0.766343 -0.062428 -0.327006
v 0.761697 -0.063399 -0.323313
v 0.763336 -0.058657 -0.333242
v 0.755776 -0.042571 -0.349837
v 0.752138 -0.036399 -0.359700
v 0.769349 -0.066536 -0.303992
v 0.775677 -0.066363 -0.302656
v 0.779503 -0.065951 -0.306052
v 0.777922 -0.066174 -0.295419
v 0.785154 -0.064663 -0.276809
v 0.792630 -0.064949 -0.266813
v 0.766206 -0.066812 -0.268047
v 0.628605 -0.054098 -0.333767
v 0.738413 -0.065956 -0.274235
v 0.715873 -0.063866 -0.283992
v 0.705210 -0.062023 -0.295935
v 0.713912 -0.061835 -0.298418
v 0.880406 -0.052193 -0.282929
v 0.867117 -0.046171 -0.302202
v 0.883579 -0.055986 -0.263088
v 0.783824 -0.065577 -0.307848
v 0.778942 -0.062607 -0.325612
v 0.761514 -0.066459 -0.303401
v 0.754904 -0.064113 -0.319808
v 0.802609 -0.057298 -0.319010
v 0.726790 -0.063330 -0.302205
v 0.759661 -0.051015 -0.340943
v 0.780666 -0.065340 -0.286574
v 1.053288 -0.044097 -0.118385
v 1.077257 -0.038922 -0.138918
v 1.054342 -0.041768 -0.105259
v 1.053080 -0.039574 -0.107393
v 1.052081 -0.041781 -0.119829
v 1.074792 -0.036878 -0.139284
v 1.104686 -0.024595 -0.106295
v 1.100780 -0.023303 -0.108375
v 1.141754 -0.014271 -0.199097
v 1.124599 -0.025998 -0.180528
v 1.119647 -0.024633 -0.178709
v 1.136338 -0.013342 -0.196012
v 1.101987 -0.033584 -0.160102
v 1.098223 -0.031820 -0.159355
v 1.043275 -0.039673 -0.121144
v 1.064840 -0.035018 -0.139617
v 1.044224 -0.037577 -0.109335
v 1.034018 -0.036801 -0.110091
v 1.033089 -0.038853 -0.121656
v 1.054208 -0.034294 -0.139747
v 1.089517 -0.022127 -0.110268
v 1.114018 -0.006056 -0.112920
v 1.102616 0.005769 -0.113628
v 1.078375 -0.021670 -0.111004
v 1.123280 -0.012669 -0.193483
v 1.127061 0.005625 -0.197780
v 1.107432 -0.023390 -0.177054
v 1.095920 -0.022906 -0.176409
v 1.111440 -0.012407 -0.192499
v 1.115299 0.005219 -0.196884
v 1.087089 -0.030214 -0.158676
v 1.075997 -0.029590 -0.158412
v 1.027740 -0.040402 -0.120690
v 1.049702 -0.035661 -0.139502
v 1.028707 -0.038268 -0.108664
v 1.025843 -0.040857 -0.106145
v 1.024811 -0.043135 -0.118985
v 1.048258 -0.038073 -0.139070
v 1.074832 -0.022534 -0.109613
v 1.105313 0.004232 -0.110431
v 1.075089 -0.024058 -0.107159
v 1.109216 -0.012902 -0.194357
v 1.093076 -0.023819 -0.177626
v 1.094567 -0.025431 -0.179773
v 1.111799 -0.013774 -0.197636
v 1.115792 -0.006335 -0.202174
v 1.072359 -0.030770 -0.158911
v 1.072449 -0.032851 -0.159792
v 1.147692 -0.005396 -0.207289
v -0.329916 -0.004024 -0.235349
v -0.639125 -0.004979 0.154417
v -0.538732 -0.005332 0.175979
v -0.083974 -0.004479 0.312630
v 0.246189 -0.005137 0.304787
v 0.928331 0.005794 0.073968
v -0.427154 -0.005002 0.220458
v -0.445884 -0.004737 -0.125190
v 1.097474 -0.005211 -0.052515
v 1.132032 -0.003362 -0.076119
v 0.970549 -0.005743 0.038043
v 0.235727 -0.004850 -0.448764
v -0.199795 0.004181 -0.301433
v -0.223725 -0.003989 0.296212
v 0.069279 -0.004874 0.313908
v 1.134853 -0.003824 -0.104409
v 0.780834 -0.006041 -0.387053
v 1.140338 -0.005890 -0.200558
v 1.127672 0.005663 -0.111286
v 1.141998 0.005024 -0.218810
v -0.760444 -0.002217 -0.061978
v -0.763800 -0.003699 0.135586
v -0.133411 -0.004352 -0.334821
v 0.496214 -0.004616 -0.449974
v 0.813187 -0.002602 0.163931
v 0.825210 -0.002784 0.158076
v 0.896014 -0.005970 0.091791
v 1.002751 0.005873 0.017759
v -0.387221 0.004685 0.240164
v 0.701702 -0.005429 0.197727
v 1.127992 0.004387 -0.065367
v 0.949296 0.005689 0.056486
v 0.157887 0.004813 -0.434823
v -0.678074 -0.004057 -0.036351
v -0.289610 -0.004049 0.278337
v 0.373097 0.005261 0.289432
v 1.126072 0.003686 -0.092321
v 1.145772 -0.006358 -0.204359
v 1.135569 0.004336 -0.109639
v 1.113164 -0.005546 -0.198844
v 1.101932 -0.004757 -0.112547
v 0.841061 0.003518 0.141114
v 0.761500 -0.005565 0.182129
v 0.637731 -0.005327 0.211052
v 0.852366 0.004087 0.127090
v 0.852366 -0.004087 0.127090
v 0.858676 -0.005669 0.121996
v 1.132030 0.005149 -0.217410
v 1.129002 -0.005297 -0.218898
v 1.100028 -0.005406 -0.233800
v 1.034940 -0.005430 -0.266802
v 0.958429 -0.005455 -0.304188
v 0.082181 -0.004721 -0.416526
v 0.007366 -0.004600 -0.393766
v -0.065013 -0.004479 -0.366525
v -0.266137 -0.004013 -0.269031
v -0.389027 0.004322 -0.188564
v -0.501078 0.005122 -0.083312
v -0.552002 -0.005381 -0.053421
v -0.595686 -0.005329 -0.037564
v -0.636343 -0.004892 -0.032776
v -0.719795 -0.003018 -0.046705
v -0.725094 0.004206 0.139167
v -0.683662 -0.004634 0.145658
v -0.591077 0.005237 0.164764
v -0.481150 0.005226 0.191221
v -0.346343 -0.004321 0.257924
v -0.155353 -0.004194 0.307939
v -0.008837 0.004702 0.314397
v 0.149598 -0.005011 0.311828
v 0.495058 -0.005324 0.269957
v 0.576267 -0.005325 0.246174
v 1.038439 0.005811 -0.005261
v 1.068963 -0.005810 -0.029494
v 0.895470 -0.005583 -0.332106
v 0.845637 -0.005812 -0.354396
v 0.809353 -0.006005 -0.373665
v 0.755234 0.005860 -0.397530
v 0.718004 -0.005464 -0.410477
v 0.660526 -0.004946 -0.424263
v 0.584851 -0.004638 -0.440515
v 0.403592 0.004697 -0.449554
v 0.316864 -0.004801 -0.456504
v 1.114018 0.006056 -0.112920
v 1.102616 -0.005769 -0.113628
v 1.127061 -0.005625 -0.197780
v 1.115299 -0.005219 -0.196884
v 1.105313 -0.004232 -0.110431
v 1.115792 0.006335 -0.202174
v 0.335595 0.000000 -0.460129
v 0.279552 0.000000 -0.472255
v 0.122324 0.000000 -0.456211
v 0.087323 0.000000 -0.456185
v 0.136763 0.000000 -0.446584
v 0.142422 0.000000 -0.440905
v 0.075797 0.000000 -0.433749
v 0.016435 0.000000 -0.422519
v -0.071117 0.000000 -0.403082
v -0.057366 0.000000 -0.401662
v -0.058971 0.000000 -0.387223
v -0.133633 0.000000 -0.374256
v -0.161651 0.000000 -0.364761
v -0.160073 0.000000 -0.357451
v -0.200962 0.000000 -0.349433
v -0.188134 0.000000 -0.343835
v -0.244239 0.000000 -0.329419
v -0.230612 0.000000 -0.323019
v -0.251496 0.000000 -0.313421
v -0.326901 0.000000 -0.300586
v -0.379846 0.000000 -0.279730
v -0.453647 0.000000 -0.241225
v -0.437603 0.000000 -0.238016
v -0.492059 0.000000 -0.213017
v -0.410329 0.000000 -0.228390
v -0.477712 0.000000 -0.202720
v -0.543492 0.000000 -0.177050
v -0.631732 0.000000 -0.151380
v -0.678259 0.000000 -0.141753
v -0.730909 0.000000 -0.139356
v -0.657163 0.000000 -0.121738
v -0.686022 0.000000 -0.113731
v -0.660370 0.000000 -0.104918
v -0.630507 0.000000 -0.101798
v -0.615487 0.000000 -0.083303
v -0.633119 0.000000 -0.075296
v -0.603463 0.000000 -0.080908
v -0.611476 0.000000 -0.071303
v -0.597856 0.000000 -0.070509
v -0.597858 0.000000 -0.055297
v -0.600274 0.000000 -0.030459
v -0.547414 0.011693 -0.043385
v -0.499283 0.011693 -0.073868
v -0.444735 0.011693 -0.112373
v -0.383768 0.011693 -0.179757
v -0.327615 0.011693 -0.223075
v -0.263440 0.007194 -0.250349
v -0.194452 0.008590 -0.288854
v -0.128673 0.007450 -0.320942
v -0.062893 0.011693 -0.351425
v 0.009304 0.011693 -0.380304
v 0.083105 0.011693 -0.401160
v 0.158510 0.011693 -0.422017
v 0.238729 0.011693 -0.434852
v 0.342006 0.000000 -0.451316
v 0.312202 0.011693 -0.443848
v 0.218891 0.011693 -0.431678
v -0.160015 0.007427 -0.305653
v -0.226183 0.007344 -0.271144
v 0.189328 0.011693 -0.426948
v -0.405293 0.011693 -0.155966
v -0.426082 0.011693 -0.132989
v -0.459514 0.011693 -0.101940
v -0.467109 0.011693 -0.096580
v -0.526997 0.011693 -0.056316
v -0.433890 0.011693 -0.124360
v 0.352709 0.007219 0.285827
v 0.320571 0.000048 0.296540
v 0.262722 -0.012845 0.313680
v 0.213444 -0.017052 0.332963
v 0.153452 -0.014360 0.369386
v 0.110602 -0.008394 0.395096
v 0.232726 -0.016709 0.365101
v 0.333426 -0.008757 0.328678
v 0.466264 0.007816 0.268687
v 0.394412 -0.004746 0.301136
v 0.221481 -0.017740 0.346358
v 0.296715 -0.006729 0.320890
v 0.351433 0.002324 0.298460
v 0.399473 0.004201 0.278768
v -0.384327 -0.004393 0.229935
v -0.422126 -0.010161 0.226707
v -0.498186 -0.017912 0.222422
v -0.517469 -0.026084 0.228850
v -0.443552 -0.018743 0.251347
v -0.359992 -0.019548 0.284556
v -0.275355 -0.018924 0.302465
v -0.203721 -0.009101 0.311002
v -0.131812 0.005540 0.304910
v -0.234581 -0.000640 0.289070
v -0.327345 -0.004393 0.257937
v -0.412868 -0.017829 0.263542
v -1.123346 0.000000 0.171818
v -1.118157 0.000000 0.196377
v -1.099833 -0.001258 0.173642
vn -0.0970 0.9947 -0.0333
vn -0.1464 0.9865 -0.0728
vn -0.1041 0.9927 -0.0604
vn -0.0706 0.9972 -0.0255
vn -0.0444 0.9990 0.0064
vn -0.0261 0.9993 0.0261
vn -0.0586 0.9982 0.0084
vn -0.1142 0.9935 -0.0015
vn -0.1708 0.9853 -0.0102
vn -0.1378 0.9692 0.2043
vn -0.1361 0.9203 0.3668
vn -0.1048 0.9188 0.3805
vn -0.1076 0.9684 0.2248
vn -0.1562 0.9874 0.0269
vn -0.1411 0.9892 0.0400
vn -0.1603 0.9869 0.0160
vn -0.1483 0.9715 0.1849
vn -0.1420 0.9304 0.3379
vn -0.1419 0.9774 0.1567
vn -0.1292 0.9456 0.2984
vn -0.1514 0.9885 0.0002
vn -0.1316 0.9912 -0.0130
vn -0.1292 0.9836 0.1259
vn -0.1121 0.9610 0.2527
vn -0.1177 0.9874 0.1058
vn -0.0933 0.9717 0.2168
vn -0.1200 0.9926 -0.0205
vn -0.0851 0.9915 0.0989
vn -0.0757 0.9971 -0.0053
vn -0.0649 0.9979 -0.0013
vn -0.0625 0.9954 0.0732
vn -0.0616 0.9784 0.1973
vn -0.0340 0.9891 0.1431
vn -0.0880 0.9658 0.2437
vn -0.1163 0.9220 0.3694
vn -0.1261 0.9336 0.3354
vn -0.0823 0.9673 0.2398
vn -0.1229 0.9908 0.0572
vn -0.1072 0.9921 0.0656
vn -0.0587 0.9735 0.2210
vn -0.0857 0.9563 0.2797
vn -0.0922 0.9588 0.2688
vn -0.0822 0.9737 0.2124
vn -0.0809 0.9946 0.0654
vn -0.0943 0.9935 0.0632
vn -0.0778 0.9951 0.0609
vn -0.0580 0.9709 0.2323
vn -0.0900 0.9488 0.3029
vn -0.0469 0.9887 0.1425
vn -0.0523 0.9539 0.2955
vn -0.0348 0.9570 0.2881
vn -0.0331 0.9776 0.2081
vn -0.0378 0.9845 0.1712
vn -0.0468 0.9982 0.0368
vn -0.0657 0.9970 0.0409
vn -0.0532 0.9922 0.1130
vn -0.0853 0.9955 0.0405
vn -0.0892 0.9744 0.2064
vn -0.0807 0.9530 0.2922
vn 0.1051 0.9809 -0.1638
vn -0.0745 0.9804 -0.1821
vn 0.0035 0.9993 0.0384
vn 0.0992 0.9947 0.0265
vn 0.1179 0.9815 -0.1507
vn 0.0865 0.9962 0.0008
vn 0.0847 0.9720 -0.2193
vn 0.1060 0.9690 -0.2230
vn 0.0006 0.9491 -0.3151
vn 0.2483 0.7654 0.5937
vn 0.2687 0.6692 0.6928
vn 0.3958 0.5935 0.7007
vn 0.3808 0.7330 0.5637
vn 0.3702 0.1555 0.9158
vn 0.2834 0.2522 0.9253
vn 0.5819 0.3677 0.7254
vn 0.6855 0.3930 0.6129
vn 0.1095 0.7654 0.6341
vn 0.1715 0.7132 0.6797
vn 0.0194 0.8869 0.4615
vn 0.2236 0.7618 0.6080
vn 0.3468 0.2789 0.8955
vn 0.2166 0.2696 0.9383
vn -0.0014 0.9999 0.0157
vn 0.0210 0.9993 -0.0307
vn 0.0229 0.9993 0.0306
vn 0.0005 0.9994 0.0335
vn 0.0365 0.9503 0.3092
vn 0.0090 0.9998 0.0152
vn -0.0146 0.9977 0.0664
vn 0.0099 0.9537 0.3007
vn 0.0804 0.9493 0.3040
vn 0.0314 0.9994 -0.0125
vn 0.0422 0.9988 0.0242
vn 0.0052 0.9895 -0.1447
vn 0.0829 0.9949 0.0581
vn 0.0568 0.9983 0.0146
vn 0.1132 0.9826 0.1472
vn 0.0263 0.9806 0.1943
vn 0.1257 0.9507 0.2835
vn 0.0300 0.9993 0.0218
vn -0.0427 0.9985 0.0355
vn -0.0202 0.9973 0.0707
vn -0.0521 0.9986 0.0088
vn 0.0545 0.9896 -0.1330
vn -0.0525 0.9852 -0.1634
vn 0.0526 0.9676 -0.2468
vn -0.0442 0.9494 -0.3109
vn 0.0611 0.9683 -0.2424
vn 0.0407 0.9908 -0.1287
vn 0.0149 0.9915 -0.1290
vn 0.0073 0.9750 -0.2219
vn -0.0549 0.9603 -0.2735
vn -0.0236 0.9895 -0.1428
vn -0.0605 0.9865 -0.1522
vn -0.0262 0.9991 0.0345
vn -0.0955 0.9582 -0.2695
vn -0.1139 0.9559 -0.2705
vn -0.0859 0.9841 -0.1552
vn -0.1467 0.9775 -0.1516
vn -0.1052 0.9931 0.0509
vn -0.1296 0.9794 -0.1548
vn -0.1768 0.9502 -0.2567
vn -0.1574 0.9517 -0.2636
vn -0.1767 0.9516 -0.2516
vn -0.1450 0.9781 -0.1495
vn -0.1342 0.9695 -0.2052
vn -0.0894 0.9942 0.0605
vn -0.1378 0.9747 -0.1759
vn -0.1991 0.9328 -0.3004
vn -0.1889 0.9487 -0.2536
vn -0.1942 0.9105 -0.3651
vn -0.1479 0.9665 -0.2097
vn -0.1738 0.9644 -0.1993
vn -0.1741 0.9625 -0.2082
vn -0.1768 0.8955 -0.4083
vn -0.2049 0.8849 -0.4182
vn -0.1377 0.9229 -0.3597
vn -0.1631 0.9693 -0.1840
vn -0.1430 0.9758 -0.1653
vn -0.1017 0.9524 -0.2875
vn -0.0678 0.9741 -0.2155
vn -0.1121 0.9833 -0.1432
vn -0.1004 0.9868 -0.1275
vn -0.0644 0.9837 -0.1681
vn -0.0254 0.9943 -0.1038
vn 0.0329 0.9880 -0.1508
vn 0.0220 0.9943 -0.1043
vn -0.0272 0.9972 -0.0698
vn -0.0285 0.9994 -0.0193
vn 0.0160 0.9984 -0.0549
vn -0.0230 0.9996 -0.0178
vn -0.0539 0.9985 0.0096
vn -0.1385 0.9898 0.0328
vn -0.1277 0.9913 0.0331
vn -0.2091 0.9751 0.0733
vn -0.2085 0.9767 0.0512
vn 0.1895 0.9667 0.1722
vn 0.0829 0.9779 0.1922
vn 0.2860 0.9110 0.2971
vn 0.3383 0.9033 0.2636
vn 0.3515 0.9216 0.1645
vn 0.3049 0.9248 0.2276
vn 0.3254 0.9446 0.0419
vn 0.1821 0.9827 -0.0326
vn 0.0206 0.9996 -0.0182
vn 0.1329 0.9681 -0.2125
vn 0.1366 0.9795 -0.1481
vn 0.2704 0.9616 -0.0461
vn 0.2194 0.9732 -0.0689
vn 0.2808 0.9117 -0.2999
vn 0.4205 0.9037 -0.0805
vn 0.2733 0.9283 -0.2523
vn 0.2469 0.9644 -0.0944
vn 0.1750 0.9829 -0.0566
vn 0.1400 0.9825 0.1226
vn 0.1611 0.9824 0.0949
vn 0.2514 0.9286 0.2730
vn 0.2628 0.9254 0.2729
vn 0.0644 0.9974 -0.0331
vn 0.1315 0.9897 -0.0559
vn 0.1456 0.9705 -0.1924
vn 0.1045 0.9874 -0.1190
vn 0.2086 0.8970 -0.3897
vn 0.2188 0.8816 -0.4182
vn 0.1412 0.9703 -0.1965
vn 0.1093 0.9878 -0.1112
vn 0.1897 0.8923 0.4097
vn 0.1276 0.9615 0.2433
vn -0.0181 0.8993 0.4371
vn 0.1329 0.8242 0.5506
vn 0.3908 0.7990 0.4571
vn 0.2499 0.7450 0.6185
vn 0.5537 0.2602 0.7910
vn 0.2707 0.7117 0.6483
vn 0.6322 0.2546 0.7317
vn 0.1162 0.9643 0.2382
vn 0.4766 0.7687 0.4266
vn 0.4119 0.7714 0.4851
vn 0.4695 0.2892 0.8342
vn 0.5371 0.5664 0.6250
vn 0.4136 0.9014 0.1278
vn 0.5105 0.8591 -0.0366
vn 0.4715 0.6969 0.5404
vn 0.4357 0.6847 0.5842
vn 0.5572 0.2105 0.8033
vn 0.6296 0.2232 0.7442
vn 0.4246 0.7013 0.5727
vn 0.5778 0.2146 0.7875
vn 0.2181 0.9376 0.2709
vn 0.1792 0.9441 0.2767
vn 0.2545 0.9666 -0.0319
vn 0.1883 0.9761 -0.1087
vn 0.2945 0.9275 -0.2304
vn 0.3508 0.9214 -0.1673
vn 0.2169 0.9761 -0.0125
vn 0.2794 0.9505 -0.1359
vn 0.1453 0.9887 0.0364
vn 0.1747 0.9843 0.0246
vn 0.1405 0.9877 -0.0679
vn -0.1121 0.9720 0.2067
vn -0.0912 0.9576 0.2734
vn -0.1368 0.9783 -0.1555
vn -0.1711 0.9532 -0.2492
vn -0.0797 0.9673 0.2409
vn -0.1069 0.9416 0.3194
vn -0.1649 0.9636 -0.2105
vn -0.2104 0.8942 -0.3953
vn -0.0437 0.9898 0.1357
vn -0.0174 0.9567 0.2906
vn -0.0314 0.9957 0.0868
vn -0.1062 0.9820 -0.1561
vn -0.1331 0.9541 -0.2682
vn 0.4540 0.7334 -0.5061
vn 0.5502 0.7947 -0.2562
vn 0.4136 0.2101 -0.8859
vn 0.6918 0.0810 -0.7176
vn 0.3122 0.7723 -0.5532
vn 0.5739 -0.0356 -0.8181
vn 0.2893 0.6906 -0.6628
vn 0.3543 0.2783 -0.8927
vn 0.4078 0.2635 -0.8742
vn 0.3187 0.6687 -0.6718
vn 0.2328 0.7266 -0.6464
vn 0.2306 0.7350 -0.6376
vn 0.0791 0.7613 -0.6435
vn 0.0636 0.7190 -0.6921
vn 0.2000 0.8017 -0.5633
vn 0.0472 0.7979 -0.6009
vn 0.2994 0.8508 -0.4318
vn 0.3651 0.7789 -0.5100
vn 0.3517 0.7654 -0.5389
vn 0.0100 0.9244 -0.3812
vn 0.0718 0.9332 -0.3522
vn 0.0779 0.9491 -0.3053
vn -0.0017 0.9465 -0.3226
vn -0.1522 0.8670 -0.4745
vn -0.1437 0.9326 -0.3311
vn -0.0994 0.8456 -0.5244
vn 0.0369 0.9182 -0.3943
vn 0.0670 0.9076 -0.4145
vn 0.0543 0.9446 -0.3236
vn 0.0602 0.9285 -0.3665
vn 0.0674 0.9195 -0.3872
vn 0.0645 0.9195 -0.3878
vn 0.0545 0.9298 -0.3639
vn 0.0645 0.9487 -0.3095
vn 0.0460 0.9494 -0.3106
vn 0.0136 0.9338 -0.3575
vn -0.1245 0.8477 -0.5156
vn -0.0778 0.8387 -0.5390
vn -0.1915 0.3793 -0.9052
vn -0.1281 0.3731 -0.9189
vn -0.2451 0.3862 -0.8892
vn -0.1592 0.8535 -0.4962
vn -0.1886 0.8594 -0.4753
vn -0.2986 0.3957 -0.8685
vn -0.3563 0.4053 -0.8419
vn -0.2193 0.8636 -0.4540
vn -0.2382 0.8700 -0.4317
vn -0.3994 0.4176 -0.8161
vn -0.4060 0.4338 -0.8043
vn -0.2339 0.8808 -0.4117
vn -0.2272 0.8884 -0.3989
vn -0.4089 0.4457 -0.7963
vn -0.4847 0.4346 -0.7591
vn -0.2768 0.8765 -0.3939
vn -0.3640 0.8502 -0.3804
vn -0.6154 0.4119 -0.6720
vn -0.6260 0.3845 -0.6784
vn -0.3467 0.8217 -0.4523
vn -0.3298 0.7507 -0.5724
vn -0.5099 0.3315 -0.7938
vn -0.4032 0.2881 -0.8686
vn -0.2882 0.7115 -0.6408
vn -0.1873 0.7218 -0.6663
vn -0.2245 0.2907 -0.9301
vn -0.0292 0.3413 -0.9395
vn -0.0757 0.7867 -0.6127
vn -0.0001 0.8716 -0.4902
vn 0.1274 0.4278 -0.8949
vn 0.2345 0.5168 -0.8234
vn 0.0336 0.9366 -0.3489
vn 0.0266 0.9626 -0.2695
vn 0.2803 0.4967 -0.8214
vn 0.0985 0.9720 -0.2135
vn 0.1606 0.9360 -0.3133
vn 0.1922 0.9374 -0.2904
vn 0.1034 0.9749 -0.1973
vn 0.0800 0.9882 -0.1305
vn 0.1239 0.9741 -0.1893
vn 0.0725 0.9866 -0.1461
vn 0.0403 0.9947 -0.0942
vn -0.0498 0.9986 -0.0195
vn 0.0244 0.9966 -0.0789
vn -0.0277 0.9993 -0.0258
vn -0.1196 0.9916 0.0486
vn -0.0311 0.9994 0.0117
vn -0.0526 0.9986 -0.0113
vn -0.0264 0.9991 0.0340
vn -0.0006 0.9944 0.1058
vn -0.0037 0.9970 0.0777
vn 0.0199 0.9859 0.1659
vn 0.0356 0.9732 0.2271
vn 0.0644 0.8269 0.5586
vn 0.0164 0.9280 0.3722
vn -0.0099 0.9137 0.4062
vn 0.0245 0.8142 0.5801
vn -0.0691 0.9002 0.4300
vn -0.0877 0.4619 0.8826
vn -0.1214 0.4151 0.9016
vn -0.0983 0.8650 0.4921
vn -0.1320 0.8217 0.5544
vn -0.1688 0.3699 0.9136
vn -0.1961 0.3297 0.9235
vn -0.1566 0.7792 0.6069
vn -0.1636 0.7439 0.6479
vn -0.2045 0.2965 0.9329
vn -0.2256 0.2820 0.9325
vn -0.1631 0.7321 0.6614
vn -0.2244 0.7619 0.6076
vn -0.3567 0.3054 0.8829
vn -0.4314 0.3128 0.8462
vn -0.2746 0.7729 0.5721
vn -0.2258 0.8098 0.5415
vn -0.3866 0.3493 0.8535
vn -0.3307 0.3917 0.8586
vn -0.1803 0.8453 0.5029
vn -0.1487 0.8679 0.4739
vn -0.2674 0.4199 0.8673
vn -0.1973 0.4133 0.8889
vn -0.1238 0.8663 0.4839
vn -0.0850 0.8621 0.4996
vn -0.1094 0.4071 0.9068
vn -0.0476 0.3849 0.9217
vn -0.0572 0.8438 0.5337
vn -0.0333 0.8266 0.5618
vn -0.0134 0.3615 0.9323
vn 0.0107 0.3420 0.9396
vn -0.0139 0.8120 0.5835
vn 0.0128 0.7985 0.6019
vn 0.0429 0.3247 0.9448
vn 0.0886 0.3087 0.9470
vn 0.0488 0.7852 0.6173
vn 0.0826 0.7711 0.6313
vn 0.1307 0.2922 0.9474
vn 0.2102 0.2814 0.9363
vn 0.1444 0.7621 0.6312
vn 0.2681 0.7588 0.5936
vn 0.3719 0.2782 0.8856
vn 0.1481 0.9836 0.1029
vn 0.1348 0.9897 -0.0472
vn 0.1280 0.9913 -0.0299
vn 0.1190 0.9852 0.1230
vn 0.1000 0.9835 0.1510
vn 0.0863 0.9838 0.1570
vn 0.0380 0.9782 0.2041
vn 0.4353 0.6849 0.5844
vn 0.5542 0.1836 0.8119
vn 0.1552 0.9550 0.2527
vn 0.0983 0.9849 0.1428
vn 0.1082 0.9940 -0.0137
vn -0.0638 0.9979 0.0147
vn -0.0446 0.9968 -0.0661
vn 0.0165 0.9992 -0.0352
vn 0.0152 0.9994 0.0312
vn -0.0498 0.9987 0.0065
vn 0.0163 0.9997 0.0204
vn -0.0794 0.9968 -0.0043
vn -0.1045 0.9945 -0.0085
vn -0.0583 0.9936 -0.0968
vn -0.2308 0.8376 -0.4952
vn -0.2082 0.9292 -0.3053
vn -0.1908 0.8873 -0.4199
vn -0.1636 0.9567 -0.2408
vn -0.1657 0.8422 -0.5131
vn -0.1914 0.7790 -0.5972
vn 0.4051 0.6866 0.6037
vn 0.4353 0.7020 0.5636
vn 0.5289 0.1936 0.8263
vn 0.5726 0.2037 0.7941
vn 0.4997 0.7145 0.4897
vn 0.6347 0.2621 0.7270
vn 0.3555 0.9211 0.1589
vn 0.5230 0.8414 0.1357
vn 0.5353 0.8078 0.2468
vn 0.4455 0.8691 0.2151
vn 0.2300 0.8921 0.3890
vn 0.4265 0.9044 0.0128
vn 0.2486 0.9641 -0.0935
vn 0.2378 0.9704 -0.0432
vn 0.1483 0.9876 -0.0509
vn 0.1897 0.9730 -0.1318
vn 0.1965 0.9344 -0.2971
vn 0.3066 0.9286 -0.2093
vn 0.3976 0.8259 -0.3997
vn 0.4802 0.8129 -0.3294
vn 0.9529 0.2977 -0.0586
vn 0.4196 0.1819 -0.8893
vn 0.2478 0.7411 -0.6240
vn 0.3231 0.7730 -0.5460
vn 0.3142 0.7455 -0.5878
vn 0.2860 0.7190 -0.6334
vn 0.1084 0.7833 -0.6121
vn 0.1921 0.7876 -0.5855
vn 0.1012 0.9840 -0.1464
vn 0.1156 0.9851 -0.1274
vn 0.0680 0.9845 -0.1615
vn 0.0480 0.9785 -0.2007
vn 0.1346 0.9780 -0.1594
vn 0.1103 0.9858 -0.1263
vn 0.1090 0.9855 -0.1299
vn 0.1120 0.9786 -0.1728
vn 0.2217 0.9330 -0.2833
vn 0.1608 0.9360 -0.3132
vn 0.1119 0.9873 -0.1126
vn 0.1299 0.9849 -0.1141
vn 0.1090 0.9890 -0.1002
vn 0.1049 0.9877 -0.1156
vn 0.0796 0.9908 -0.1097
vn 0.1833 0.9794 -0.0848
vn 0.1701 0.9839 -0.0554
vn 0.0734 0.9955 -0.0602
vn 0.5246 0.8291 0.1934
vn 0.7339 0.6263 0.2630
vn 0.0981 0.9611 -0.2580
vn 0.0910 0.9678 -0.2346
vn 0.0864 0.9333 -0.3484
vn 0.1286 0.9847 -0.1177
vn 0.1062 0.9840 -0.1428
vn 0.3256 0.6239 -0.7105
vn 0.2723 0.7872 -0.5533
vn 0.3977 0.2455 -0.8841
vn 0.4352 0.2079 -0.8760
vn 0.3768 0.5587 -0.7389
vn 0.3889 0.5208 -0.7599
vn 0.4459 0.1649 -0.8798
vn 0.3957 0.1510 -0.9059
vn 0.3207 0.5550 -0.7676
vn 0.2747 0.5806 -0.7664
vn 0.1801 0.8389 -0.5136
vn 0.3416 0.1867 -0.9211
vn 0.2652 0.2514 -0.9308
vn 0.1604 0.7112 -0.6844
vn 0.1104 0.7839 -0.6110
vn 0.0736 0.9166 -0.3929
vn 0.1877 0.3337 -0.9238
vn 0.1216 0.4880 -0.8643
vn 0.0922 0.7779 -0.6216
vn 0.0593 0.7921 -0.6075
vn 0.0595 0.4887 -0.8704
vn 0.0477 0.4377 -0.8979
vn 0.0549 0.7716 -0.6338
vn -0.0095 0.8164 -0.5774
vn -0.0174 0.3551 -0.9347
vn 0.1914 0.9591 -0.2086
vn 0.1343 0.9499 -0.2822
vn 0.0181 0.9856 -0.1680
vn 0.1282 0.9832 -0.1301
vn 0.3359 0.9039 -0.2650
vn 0.3013 0.8547 -0.4226
vn 0.3737 0.8452 -0.3820
vn 0.2361 0.8556 -0.4607
vn -0.0677 0.9938 -0.0876
vn -0.0327 0.9980 -0.0549
vn -0.0626 0.9816 -0.1803
vn -0.1233 0.9893 -0.0776
vn -0.0235 0.9102 -0.4136
vn -0.0695 0.9432 -0.3247
vn 0.0235 0.9279 -0.3722
vn -0.0738 0.7980 -0.5981
vn 0.0513 0.8896 -0.4539
vn -0.0484 0.7996 -0.5985
vn 0.0565 0.9982 -0.0199
vn 0.0709 0.9966 -0.0419
vn 0.0137 0.9990 -0.0426
vn 0.0872 0.9955 0.0383
vn 0.0994 0.9869 -0.1270
vn 0.1030 0.9936 -0.0471
vn 0.0340 0.9922 -0.1202
vn 0.0700 0.9296 -0.3620
vn -0.0097 0.9879 -0.1550
vn 0.0197 0.9833 -0.1807
vn 0.0369 0.9765 -0.2123
vn -0.0808 0.9836 -0.1614
vn 0.2279 0.8561 -0.4637
vn 0.1809 0.9252 -0.3336
vn 0.1277 0.9771 -0.1701
vn 0.1171 0.9915 -0.0559
vn 0.1028 0.9194 -0.3796
vn -0.0279 0.9989 -0.0381
vn -0.0869 0.9461 -0.3121
vn 0.4097 0.8514 -0.3275
vn -0.1505 0.9833 -0.1023
vn -0.0894 0.7362 -0.6708
vn 0.1069 0.9935 0.0382
vn 0.6119 0.7238 0.3188
vn 0.4775 0.8071 0.3473
vn 0.3816 0.8995 -0.2126
vn 0.9113 -0.3865 -0.1418
vn 0.4236 -0.6280 0.6528
vn 0.2888 -0.9018 0.3216
vn 0.2969 -0.7846 0.5443
vn 0.5133 0.8417 0.1676
vn 0.5466 0.8217 0.1614
vn 0.2413 0.5535 -0.7971
vn 0.2223 0.1221 -0.9673
vn 0.2047 0.2646 -0.9424
vn 0.1738 0.4863 -0.8563
vn 0.1970 0.6231 -0.7570
vn 0.1449 0.4772 -0.8668
vn 0.7936 0.5076 0.3355
vn 0.7392 -0.0467 0.6718
vn 0.6646 0.6566 0.3566
vn 0.5324 -0.2893 0.7955
vn 0.4173 -0.5587 0.7168
vn 0.3029 -0.6825 0.6651
vn 0.3941 -0.4257 0.8146
vn 0.5866 -0.0669 0.8071
vn 0.4452 -0.1305 0.8859
vn 0.4801 0.8219 0.3066
vn 0.4183 -0.6068 0.6759
vn 0.2972 -0.7582 0.5803
vn 0.1294 -0.9876 0.0886
vn 0.1080 -0.9268 0.3597
vn 0.1821 -0.9655 -0.1860
vn 0.2552 -0.9483 -0.1888
vn -0.2064 -0.9575 -0.2014
vn -0.1687 -0.9823 -0.0816
vn -0.1211 -0.9868 0.1073
vn 0.0875 0.3150 -0.9451
vn 0.0658 0.2513 -0.9657
vn 0.1008 0.1646 -0.9812
vn 0.0576 0.1494 -0.9871
vn 0.0551 0.2249 -0.9728
vn 0.0553 0.2208 -0.9737
vn 0.1327 -0.6295 0.7656
vn 0.1524 -0.2361 0.9597
vn 0.1134 -0.8345 0.5392
vn -0.1472 -0.9371 0.3166
vn -0.2124 -0.7843 0.5829
vn -0.1250 -0.4176 0.9000
vn 0.1087 -0.9070 0.4068
vn -0.1250 -0.9786 0.1637
vn -0.4662 -0.8776 -0.1118
vn -0.2939 -0.9502 -0.1036
vn -0.5325 -0.8388 -0.1130
vn -0.7019 -0.7089 -0.0694
vn -0.6594 -0.2687 -0.7021
vn -0.3178 -0.9173 -0.2398
vn -0.4191 -0.5156 -0.7473
vn -0.3604 -0.7750 0.5191
vn -0.4334 -0.7445 0.5078
vn -0.3389 -0.7829 0.5217
vn -0.2643 -0.8066 0.5287
vn -0.4825 -0.7958 0.3659
vn -0.5763 -0.6282 0.5228
vn -0.3373 -0.9376 0.0845
vn -0.7657 -0.1130 -0.6332
vn -0.7146 -0.2225 -0.6633
vn -0.7414 -0.1767 -0.6474
vn -0.7756 -0.0640 -0.6280
vn -0.7825 -0.0204 -0.6223
vn -0.7830 -0.0165 -0.6218
vn -0.2985 -0.9516 -0.0734
vn -0.6758 -0.2624 -0.6888
vn -0.6779 -0.2615 -0.6870
vn -0.0970 -0.9947 -0.0333
vn -0.0706 -0.9972 -0.0255
vn -0.1041 -0.9927 -0.0604
vn -0.1464 -0.9865 -0.0728
vn -0.0444 -0.9990 0.0064
vn -0.0261 -0.9993 0.0261
vn -0.1142 -0.9935 -0.0015
vn -0.0586 -0.9982 0.0084
vn -0.1708 -0.9853 -0.0102
vn -0.1378 -0.9692 0.2043
vn -0.1076 -0.9684 0.2248
vn -0.1048 -0.9188 0.3805
vn -0.1361 -0.9203 0.3668
vn -0.1562 -0.9874 0.0269
vn -0.1411 -0.9892 0.0400
vn -0.1483 -0.9715 0.1849
vn -0.1603 -0.9869 0.0160
vn -0.1420 -0.9304 0.3379
vn -0.1419 -0.9774 0.1567
vn -0.1292 -0.9456 0.2984
vn -0.1514 -0.9885 0.0002
vn -0.1292 -0.9836 0.1259
vn -0.1316 -0.9912 -0.0130
vn -0.1121 -0.9610 0.2527
vn -0.1177 -0.9874 0.1058
vn -0.0933 -0.9717 0.2168
vn -0.1200 -0.9926 -0.0205
vn -0.0851 -0.9915 0.0989
vn -0.0625 -0.9954 0.0732
vn -0.0649 -0.9979 -0.0013
vn -0.0757 -0.9971 -0.0053
vn -0.0616 -0.9784 0.1973
vn -0.0340 -0.9891 0.1431
vn -0.0880 -0.9658 0.2437
vn -0.0823 -0.9673 0.2398
vn -0.1261 -0.9336 0.3354
vn -0.1163 -0.9220 0.3694
vn -0.1229 -0.9908 0.0572
vn -0.1072 -0.9921 0.0656
vn -0.0587 -0.9735 0.2210
vn -0.0822 -0.9737 0.2124
vn -0.0922 -0.9588 0.2688
vn -0.0857 -0.9563 0.2797
vn -0.0809 -0.9946 0.0654
vn -0.0943 -0.9935 0.0632
vn -0.0580 -0.9709 0.2323
vn -0.0778 -0.9951 0.0609
vn -0.0900 -0.9488 0.3029
vn -0.0631 -0.9883 0.1389
vn -0.0633 -0.9839 0.1670
vn -0.0376 -0.9533 0.2996
vn -0.0534 -0.9530 0.2983
vn -0.0537 -0.9922 0.1124
vn -0.0616 -0.9928 0.1024
vn -0.0657 -0.9970 0.0409
vn -0.0468 -0.9982 0.0368
vn -0.0853 -0.9955 0.0405
vn -0.0924 -0.9742 0.2059
vn -0.0807 -0.9530 0.2922
vn 0.1051 -0.9809 -0.1638
vn 0.0992 -0.9947 0.0265
vn 0.0035 -0.9993 0.0384
vn -0.0745 -0.9804 -0.1821
vn 0.1179 -0.9815 -0.1507
vn 0.0865 -0.9962 0.0008
vn 0.1060 -0.9690 -0.2230
vn 0.0847 -0.9720 -0.2193
vn 0.0005 -0.9475 -0.3198
vn 0.2465 -0.7678 0.5913
vn 0.3794 -0.7335 0.5639
vn 0.3948 -0.5938 0.7010
vn 0.2671 -0.6729 0.6899
vn 0.3696 -0.1562 0.9160
vn 0.2827 -0.2600 0.9233
vn 0.5819 -0.3677 0.7254
vn 0.6855 -0.3930 0.6129
vn 0.1088 -0.7679 0.6312
vn 0.1705 -0.7167 0.6762
vn 0.0198 -0.8874 0.4606
vn 0.2224 -0.7648 0.6047
vn 0.2160 -0.2784 0.9359
vn 0.3457 -0.2882 0.8930
vn 0.0009 -0.9991 0.0435
vn 0.0005 -0.9994 0.0335
vn 0.0229 -0.9993 0.0306
vn 0.0209 -0.9996 0.0186
vn 0.0390 -0.9440 0.3276
vn 0.0117 -0.9469 0.3213
vn -0.0103 -0.9932 0.1161
vn 0.0145 -0.9963 0.0846
vn 0.0549 -0.9978 0.0366
vn 0.0873 -0.9467 0.3100
vn 0.0422 -0.9988 0.0242
vn 0.0041 -0.9973 -0.0727
vn 0.0568 -0.9983 0.0146
vn 0.0821 -0.9950 0.0562
vn 0.1233 -0.9819 0.1438
vn 0.0264 -0.9805 0.1948
vn 0.1264 -0.9508 0.2829
vn 0.0300 -0.9993 0.0218
vn -0.0427 -0.9985 0.0355
vn -0.0202 -0.9973 0.0707
vn -0.0521 -0.9986 0.0088
vn 0.0545 -0.9896 -0.1330
vn -0.0525 -0.9852 -0.1634
vn 0.0534 -0.9669 -0.2494
vn -0.0443 -0.9481 -0.3150
vn 0.0407 -0.9908 -0.1287
vn 0.0611 -0.9683 -0.2424
vn 0.0149 -0.9915 -0.1290
vn 0.0073 -0.9750 -0.2219
vn -0.0236 -0.9895 -0.1428
vn -0.0549 -0.9603 -0.2735
vn -0.0605 -0.9865 -0.1522
vn -0.0262 -0.9991 0.0345
vn -0.0955 -0.9582 -0.2695
vn -0.0859 -0.9841 -0.1552
vn -0.1139 -0.9559 -0.2705
vn -0.1467 -0.9775 -0.1516
vn -0.1296 -0.9794 -0.1548
vn -0.1052 -0.9931 0.0509
vn -0.1768 -0.9502 -0.2567
vn -0.1574 -0.9517 -0.2636
vn -0.1450 -0.9781 -0.1495
vn -0.1767 -0.9516 -0.2516
vn -0.1342 -0.9695 -0.2052
vn -0.1378 -0.9747 -0.1759
vn -0.0894 -0.9942 0.0605
vn -0.1991 -0.9328 -0.3004
vn -0.1889 -0.9487 -0.2536
vn -0.1479 -0.9665 -0.2097
vn -0.1942 -0.9105 -0.3651
vn -0.1738 -0.9644 -0.1993
vn -0.1741 -0.9625 -0.2082
vn -0.1768 -0.8955 -0.4083
vn -0.2049 -0.8849 -0.4182
vn -0.1631 -0.9693 -0.1840
vn -0.1377 -0.9229 -0.3597
vn -0.1430 -0.9758 -0.1653
vn -0.1017 -0.9524 -0.2875
vn -0.1121 -0.9833 -0.1432
vn -0.0678 -0.9741 -0.2155
vn -0.1004 -0.9868 -0.1275
vn -0.0644 -0.9837 -0.1681
vn -0.0254 -0.9943 -0.1038
vn -0.0272 -0.9972 -0.0698
vn 0.0220 -0.9943 -0.1043
vn 0.0329 -0.9880 -0.1508
vn -0.0285 -0.9994 -0.0193
vn 0.0160 -0.9984 -0.0549
vn -0.0539 -0.9985 0.0096
vn -0.0230 -0.9996 -0.0178
vn -0.1385 -0.9898 0.0328
vn -0.1277 -0.9913 0.0331
vn -0.2085 -0.9767 0.0512
vn -0.2091 -0.9751 0.0733
vn 0.2242 -0.9620 0.1559
vn 0.2904 -0.9298 0.2263
vn 0.2781 -0.9297 0.2415
vn 0.1890 -0.9739 0.1255
vn 0.2824 -0.9427 0.1776
vn 0.3049 -0.9248 0.2276
vn 0.1421 -0.9897 0.0188
vn 0.2216 -0.9713 0.0859
vn 0.1175 -0.9930 -0.0110
vn 0.2199 -0.9712 -0.0915
vn 0.2643 -0.9641 -0.0269
vn 0.2261 -0.9741 0.0075
vn 0.1739 -0.9833 -0.0533
vn 0.2866 -0.9252 -0.2489
vn 0.3185 -0.9295 -0.1860
vn 0.1675 -0.9733 -0.1572
vn 0.2387 -0.9104 -0.3379
vn 0.1297 -0.9871 -0.0936
vn 0.1741 -0.9794 0.1027
vn 0.2651 -0.9281 0.2615
vn 0.2514 -0.9286 0.2730
vn 0.1611 -0.9824 0.0949
vn 0.1211 -0.9922 -0.0285
vn 0.1315 -0.9897 -0.0559
vn 0.1510 -0.9706 -0.1875
vn 0.1143 -0.9879 -0.1049
vn 0.2291 -0.8937 -0.3857
vn 0.1412 -0.9703 -0.1965
vn 0.2188 -0.8816 -0.4182
vn 0.1093 -0.9878 -0.1112
vn 0.1888 -0.8915 0.4117
vn 0.1315 -0.8254 0.5490
vn -0.0176 -0.8997 0.4361
vn 0.1270 -0.9614 0.2442
vn 0.4074 -0.8082 0.4254
vn 0.2473 -0.7466 0.6176
vn 0.6015 -0.2978 0.7413
vn 0.2790 -0.7292 0.6248
vn 0.5844 -0.2274 0.7789
vn 0.1162 -0.9643 0.2382
vn 0.4766 -0.7687 0.4266
vn 0.5371 -0.5664 0.6250
vn 0.4695 -0.2892 0.8342
vn 0.4119 -0.7714 0.4851
vn 0.4136 -0.9014 0.1278
vn 0.5105 -0.8591 -0.0366
vn 0.4715 -0.6969 0.5404
vn 0.6296 -0.2232 0.7442
vn 0.5572 -0.2105 0.8033
vn 0.4357 -0.6847 0.5842
vn 0.4246 -0.7013 0.5727
vn 0.5778 -0.2146 0.7875
vn 0.2181 -0.9376 0.2709
vn 0.1792 -0.9441 0.2767
vn 0.2546 -0.9665 -0.0331
vn 0.3503 -0.9214 -0.1682
vn 0.2907 -0.9283 -0.2320
vn 0.1896 -0.9755 -0.1115
vn 0.2166 -0.9762 -0.0111
vn 0.2791 -0.9506 -0.1360
vn 0.1748 -0.9843 0.0250
vn 0.1448 -0.9887 0.0379
vn 0.1405 -0.9877 -0.0679
vn -0.1121 -0.9720 0.2067
vn -0.0912 -0.9576 0.2734
vn -0.1368 -0.9783 -0.1555
vn -0.1711 -0.9532 -0.2492
vn -0.0797 -0.9673 0.2409
vn -0.1069 -0.9416 0.3194
vn -0.1649 -0.9636 -0.2105
vn -0.2104 -0.8942 -0.3953
vn -0.0493 -0.9883 0.1441
vn -0.0179 -0.9507 0.3097
vn -0.0315 -0.9969 0.0719
vn -0.1062 -0.9820 -0.1561
vn -0.1331 -0.9541 -0.2682
vn 0.3682 -0.7360 -0.5681
vn 0.5053 -0.3993 -0.7650
vn 0.3596 -0.4745 -0.8034
vn 0.3811 -0.7578 -0.5296
vn 0.3399 -0.7036 -0.6240
vn 0.3699 -0.6588 -0.6551
vn 0.3309 -0.6893 -0.6445
vn 0.3855 -0.2973 -0.8735
vn 0.3187 -0.6687 -0.6718
vn 0.4078 -0.2635 -0.8742
vn 0.2318 -0.7288 -0.6443
vn 0.0634 -0.7214 -0.6897
vn 0.0788 -0.7634 -0.6411
vn 0.2295 -0.7372 -0.6354
vn 0.1993 -0.8030 -0.5617
vn 0.0471 -0.7994 -0.5990
vn 0.3638 -0.7803 -0.5087
vn 0.2985 -0.8516 -0.4308
vn 0.3503 -0.7671 -0.5374
vn 0.0003 -0.9165 -0.4001
vn -0.0022 -0.9445 -0.3285
vn 0.0761 -0.9460 -0.3151
vn 0.0677 -0.9292 -0.3633
vn -0.1547 -0.8624 -0.4820
vn -0.1421 -0.9311 -0.3360
vn 0.0153 -0.9123 -0.4093
vn -0.1135 -0.8361 -0.5367
vn 0.0633 -0.9111 -0.4073
vn 0.0553 -0.9435 -0.3266
vn 0.0607 -0.9274 -0.3692
vn 0.0671 -0.9213 -0.3830
vn 0.0663 -0.9201 -0.3860
vn 0.0670 -0.9473 -0.3133
vn 0.0576 -0.9297 -0.3639
vn 0.0460 -0.9494 -0.3106
vn 0.0154 -0.9334 -0.3585
vn -0.1245 -0.8477 -0.5156
vn -0.0778 -0.8387 -0.5390
vn -0.1915 -0.3793 -0.9052
vn -0.1281 -0.3731 -0.9189
vn -0.1592 -0.8535 -0.4962
vn -0.2451 -0.3862 -0.8892
vn -0.1886 -0.8594 -0.4753
vn -0.2986 -0.3957 -0.8685
vn -0.2193 -0.8636 -0.4540
vn -0.3563 -0.4053 -0.8419
vn -0.2382 -0.8700 -0.4317
vn -0.3994 -0.4176 -0.8161
vn -0.2339 -0.8808 -0.4117
vn -0.4060 -0.4338 -0.8043
vn -0.2272 -0.8884 -0.3989
vn -0.4089 -0.4457 -0.7963
vn -0.2768 -0.8765 -0.3939
vn -0.4847 -0.4346 -0.7591
vn -0.3640 -0.8502 -0.3804
vn -0.6154 -0.4119 -0.6720
vn -0.3467 -0.8217 -0.4523
vn -0.6260 -0.3845 -0.6784
vn -0.3298 -0.7507 -0.5724
vn -0.5099 -0.3315 -0.7938
vn -0.2882 -0.7115 -0.6408
vn -0.4032 -0.2881 -0.8686
vn -0.1873 -0.7218 -0.6663
vn -0.2245 -0.2907 -0.9301
vn -0.0757 -0.7867 -0.6127
vn -0.0292 -0.3413 -0.9395
vn -0.0001 -0.8716 -0.4902
vn 0.1274 -0.4278 -0.8949
vn 0.0336 -0.9366 -0.3489
vn 0.2345 -0.5168 -0.8234
vn 0.0266 -0.9626 -0.2695
vn 0.2803 -0.4967 -0.8214
vn 0.0985 -0.9720 -0.2135
vn 0.1034 -0.9749 -0.1973
vn 0.1922 -0.9374 -0.2904
vn 0.1606 -0.9360 -0.3133
vn 0.0800 -0.9882 -0.1305
vn 0.1239 -0.9741 -0.1893
vn 0.0403 -0.9947 -0.0942
vn 0.0725 -0.9866 -0.1461
vn -0.0498 -0.9986 -0.0195
vn 0.0244 -0.9966 -0.0789
vn -0.1196 -0.9916 0.0486
vn -0.0277 -0.9993 -0.0258
vn -0.0269 -0.9996 0.0118
vn -0.0526 -0.9986 -0.0113
vn -0.0543 -0.9985 0.0115
vn -0.0264 -0.9991 0.0340
vn -0.0037 -0.9970 0.0777
vn -0.0006 -0.9944 0.1058
vn 0.0199 -0.9859 0.1659
vn 0.0356 -0.9732 0.2271
vn 0.0644 -0.8269 0.5586
vn 0.0164 -0.9280 0.3722
vn -0.0099 -0.9137 0.4062
vn 0.0245 -0.8142 0.5801
vn -0.0691 -0.9002 0.4300
vn -0.0983 -0.8650 0.4921
vn -0.1214 -0.4151 0.9016
vn -0.0877 -0.4619 0.8826
vn -0.1320 -0.8217 0.5544
vn -0.1688 -0.3699 0.9136
vn -0.1566 -0.7792 0.6069
vn -0.1961 -0.3298 0.9235
vn -0.1636 -0.7439 0.6479
vn -0.2045 -0.2965 0.9329
vn -0.1631 -0.7321 0.6614
vn -0.2256 -0.2820 0.9325
vn -0.2244 -0.7619 0.6076
vn -0.3567 -0.3054 0.8829
vn -0.2746 -0.7729 0.5721
vn -0.4314 -0.3128 0.8462
vn -0.2258 -0.8098 0.5415
vn -0.3866 -0.3493 0.8535
vn -0.1803 -0.8453 0.5029
vn -0.3307 -0.3917 0.8586
vn -0.1487 -0.8679 0.4739
vn -0.2674 -0.4199 0.8673
vn -0.1238 -0.8663 0.4839
vn -0.1973 -0.4133 0.8889
vn -0.0850 -0.8621 0.4996
vn -0.1094 -0.4071 0.9068
vn -0.0572 -0.8438 0.5337
vn -0.0476 -0.3849 0.9217
vn -0.0333 -0.8266 0.5618
vn -0.0134 -0.3615 0.9323
vn -0.0139 -0.8120 0.5835
vn 0.0107 -0.3420 0.9396
vn 0.0128 -0.7985 0.6019
vn 0.0429 -0.3247 0.9448
vn 0.0488 -0.7852 0.6173
vn 0.0886 -0.3087 0.9470
vn 0.0826 -0.7711 0.6313
vn 0.1307 -0.2922 0.9474
vn 0.1451 -0.7622 0.6309
vn 0.2103 -0.2815 0.9362
vn 0.2683 -0.7614 0.5902
vn 0.3719 -0.2855 0.8833
vn 0.1481 -0.9836 0.1029
vn 0.1348 -0.9897 -0.0472
vn 0.1190 -0.9852 0.1230
vn 0.1280 -0.9913 -0.0299
vn 0.1000 -0.9834 0.1514
vn 0.0863 -0.9838 0.1570
vn 0.0381 -0.9781 0.2048
vn 0.4353 -0.6849 0.5844
vn 0.5542 -0.1836 0.8119
vn 0.1552 -0.9550 0.2527
vn 0.0983 -0.9849 0.1428
vn 0.1082 -0.9940 -0.0137
vn -0.0638 -0.9979 0.0147
vn 0.0152 -0.9994 0.0312
vn 0.0165 -0.9992 -0.0352
vn -0.0446 -0.9968 -0.0661
vn -0.0498 -0.9987 0.0060
vn 0.0163 -0.9997 0.0201
vn -0.1045 -0.9945 -0.0085
vn -0.0791 -0.9969 -0.0048
vn -0.0583 -0.9936 -0.0968
vn -0.2277 -0.8365 -0.4983
vn -0.2043 -0.9286 -0.3098
vn -0.1887 -0.8879 -0.4196
vn -0.1603 -0.9570 -0.2419
vn -0.1903 -0.7806 -0.5954
vn -0.1649 -0.8431 -0.5118
vn 0.4051 -0.6866 0.6037
vn 0.4353 -0.7020 0.5636
vn 0.5289 -0.1936 0.8263
vn 0.5726 -0.2037 0.7941
vn 0.4997 -0.7145 0.4897
vn 0.6347 -0.2621 0.7270
vn 0.3503 -0.9256 0.1433
vn 0.5230 -0.8414 0.1357
vn 0.4439 -0.8698 0.2154
vn 0.5353 -0.8078 0.2468
vn 0.2672 -0.9397 0.2132
vn 0.3481 -0.9299 0.1193
vn 0.3047 -0.9518 0.0350
vn 0.4492 -0.8614 0.2373
vn 0.4028 -0.8805 0.2500
vn 0.2780 -0.9574 0.0777
vn 0.3572 -0.9257 -0.1246
vn 0.5606 -0.8173 0.1329
vn 0.4384 -0.7684 -0.4662
vn 0.7738 -0.6327 -0.0305
vn 0.5949 -0.4452 -0.6693
vn 0.9460 -0.3032 -0.1144
vn 0.2466 -0.7435 -0.6217
vn 0.2845 -0.7218 -0.6309
vn 0.3114 -0.7477 -0.5864
vn 0.3216 -0.7748 -0.5444
vn 0.1080 -0.7853 -0.6097
vn 0.1891 -0.7887 -0.5850
vn 0.1012 -0.9840 -0.1464
vn 0.1156 -0.9851 -0.1274
vn 0.0480 -0.9785 -0.2007
vn 0.0680 -0.9845 -0.1615
vn 0.1348 -0.9778 -0.1606
vn 0.1119 -0.9786 -0.1729
vn 0.1090 -0.9855 -0.1299
vn 0.1103 -0.9858 -0.1263
vn 0.2183 -0.9329 -0.2863
vn 0.1598 -0.9353 -0.3158
vn 0.1119 -0.9873 -0.1126
vn 0.1090 -0.9890 -0.1002
vn 0.1299 -0.9849 -0.1141
vn 0.1049 -0.9877 -0.1156
vn 0.1102 -0.9901 -0.0872
vn 0.1149 -0.9900 -0.0819
vn 0.1424 -0.9883 -0.0538
vn 0.2028 -0.9791 0.0154
vn 0.2637 -0.9605 0.0890
vn 0.3676 -0.9175 0.1522
vn 0.0981 -0.9611 -0.2580
vn 0.0910 -0.9678 -0.2346
vn 0.0828 -0.9288 -0.3611
vn 0.1286 -0.9847 -0.1177
vn 0.1062 -0.9840 -0.1428
vn 0.3250 -0.6240 -0.7107
vn 0.2715 -0.7871 -0.5539
vn 0.3974 -0.2457 -0.8841
vn 0.3740 -0.5628 -0.7371
vn 0.4340 -0.2146 -0.8750
vn 0.3874 -0.5259 -0.7572
vn 0.4451 -0.1729 -0.8786
vn 0.3136 -0.5610 -0.7661
vn 0.3929 -0.1609 -0.9054
vn 0.2644 -0.5947 -0.7592
vn 0.1732 -0.8388 -0.5161
vn 0.3349 -0.2244 -0.9151
vn 0.1550 -0.7264 -0.6696
vn 0.2622 -0.2910 -0.9201
vn 0.1160 -0.7986 -0.5906
vn 0.0738 -0.9184 -0.3886
vn 0.1964 -0.3628 -0.9109
vn 0.0843 -0.8287 -0.5533
vn 0.1369 -0.2062 -0.9689
vn 0.0602 -0.8214 -0.5672
vn 0.0682 -0.2185 -0.9734
vn 0.0500 -0.7948 -0.6048
vn 0.0453 -0.1903 -0.9807
vn -0.0079 -0.8170 -0.5766
vn -0.0194 -0.3495 -0.9367
vn 0.1911 -0.9592 -0.2084
vn 0.1280 -0.9832 -0.1301
vn 0.0181 -0.9856 -0.1681
vn 0.1340 -0.9500 -0.2819
vn 0.3352 -0.9042 -0.2646
vn 0.3000 -0.8545 -0.4241
vn 0.3717 -0.8459 -0.3824
vn 0.2332 -0.8554 -0.4626
vn -0.0652 -0.9941 -0.0863
vn -0.0620 -0.9816 -0.1806
vn -0.0328 -0.9979 -0.0560
vn -0.1234 -0.9890 -0.0813
vn -0.0234 -0.9106 -0.4127
vn 0.0235 -0.9282 -0.3715
vn -0.0692 -0.9434 -0.3243
vn -0.0734 -0.7995 -0.5962
vn 0.0383 -0.8888 -0.4566
vn -0.0480 -0.8013 -0.5964
vn 0.0563 -0.9982 -0.0202
vn 0.0139 -0.9990 -0.0431
vn 0.0714 -0.9966 -0.0420
vn 0.0870 -0.9955 0.0386
vn 0.0994 -0.9869 -0.1270
vn 0.1030 -0.9936 -0.0471
vn 0.0340 -0.9922 -0.1202
vn 0.0690 -0.9262 -0.3707
vn -0.0097 -0.9879 -0.1550
vn 0.0197 -0.9833 -0.1807
vn 0.0369 -0.9765 -0.2123
vn -0.0806 -0.9835 -0.1617
vn 0.2268 -0.8557 -0.4652
vn 0.1809 -0.9252 -0.3336
vn 0.1277 -0.9771 -0.1701
vn 0.1170 -0.9916 -0.0558
vn 0.1026 -0.9198 -0.3788
vn -0.0273 -0.9988 -0.0400
vn -0.0866 -0.9462 -0.3117
vn 0.4087 -0.8521 -0.3270
vn -0.1503 -0.9831 -0.1042
vn -0.0888 -0.7384 -0.6685
vn 0.1069 -0.9935 0.0383
vn 0.4753 -0.8440 0.2484
vn 0.4867 -0.7890 0.3749
vn 0.3660 -0.9030 -0.2250
vn 0.9113 0.3865 -0.1418
vn 0.4236 0.6280 0.6528
vn 0.2969 0.7846 0.5443
vn 0.2888 0.9018 0.3216
vn 0.5133 -0.8417 0.1676
vn 0.5466 -0.8217 0.1614
vn 0.2413 -0.5535 -0.7971
vn 0.1738 -0.4863 -0.8563
vn 0.2047 -0.2646 -0.9424
vn 0.2223 -0.1221 -0.9673
vn 0.1970 -0.6231 -0.7570
vn 0.1449 -0.4772 -0.8668
vn 0.8159 -0.4084 0.4092
vn 0.8422 -0.0447 0.5373
vn 0.6505 -0.6697 0.3583
vn 0.5066 0.3206 0.8003
vn 0.3775 0.4442 0.8125
vn 0.3025 0.6824 0.6654
vn 0.4173 0.5554 0.7193
vn 0.5706 0.0908 0.8162
vn 0.4356 0.1363 0.8897
vn 0.5458 -0.7434 0.3866
vn 0.4183 0.6068 0.6759
vn 0.2972 0.7582 0.5803
vn 0.1294 0.9876 0.0886
vn 0.1080 0.9268 0.3597
vn 0.1821 0.9655 -0.1860
vn 0.2552 0.9483 -0.1888
vn -0.1687 0.9823 -0.0816
vn -0.2064 0.9575 -0.2014
vn -0.1211 0.9868 0.1073
vn 0.0874 -0.3150 -0.9451
vn 0.0658 -0.2513 -0.9657
vn 0.1008 -0.1646 -0.9812
vn 0.0551 -0.2249 -0.9728
vn 0.0576 -0.1494 -0.9871
vn 0.0553 -0.2208 -0.9737
vn 0.1327 0.6295 0.7656
vn 0.1524 0.2361 0.9597
vn 0.1134 0.8345 0.5392
vn -0.2124 0.7843 0.5829
vn -0.1472 0.9371 0.3166
vn -0.1250 0.4176 0.9000
vn 0.1087 0.9070 0.4068
vn -0.1250 0.9786 0.1637
vn -0.4662 0.8776 -0.1118
vn -0.2939 0.9502 -0.1036
vn -0.5325 0.8388 -0.1130
vn -0.4663 0.8775 -0.1119
vn -0.7019 0.7089 -0.0694
vn -0.6594 0.2687 -0.7021
vn -0.3178 0.9173 -0.2398
vn -0.4191 0.5156 -0.7473
vn -0.3603 0.7751 0.5191
vn -0.3389 0.7829 0.5217
vn -0.4334 0.7445 0.5077
vn -0.4334 0.7445 0.5078
vn -0.3604 0.7750 0.5191
vn -0.2643 0.8066 0.5287
vn -0.4825 0.7958 0.3659
vn -0.5763 0.6282 0.5227
vn -0.3373 0.9376 0.0845
vn -0.7657 0.1130 -0.6332
vn -0.7756 0.0640 -0.6280
vn -0.7414 0.1767 -0.6474
vn -0.7146 0.2225 -0.6633
vn -0.7825 0.0204 -0.6223
vn -0.7830 0.0165 -0.6218
vn -0.2985 0.9516 -0.0734
vn -0.6758 0.2624 -0.6888
vn -0.6779 0.2615 -0.6870
vn 0.9361 -0.0000 0.3517
vn 0.5252 -0.0000 -0.8510
vn 0.1297 -0.0000 0.9916
vn 0.9385 -0.0000 -0.3452
vn 0.8091 -0.0000 0.5877
vn 0.9309 -0.0000 0.3653
vn 0.9907 -0.0000 0.1358
vn 0.9907 -0.0000 0.1357
vn -0.6762 -0.0000 0.7367
vn -0.8451 -0.0000 -0.5347
vn -0.8452 -0.0000 -0.5345
vn -0.5305 -0.0000 0.8477
vn 0.0845 0.9078 -0.4107
vn 0.3070 0.9251 -0.2233
vn 0.2370 0.9178 -0.3186
vn -0.0112 0.9305 -0.3661
vn -0.0245 0.9997 -0.0061
vn -0.0000 1.0000 -0.0000
vn -0.1632 0.9593 0.2306
vn -0.0540 0.9582 -0.2811
vn -0.0366 0.9441 -0.3276
vn -0.1165 0.9735 -0.1969
vn -0.0763 0.8756 -0.4770
vn -0.0711 0.8848 -0.4605
vn -0.0722 0.9131 -0.4012
vn -0.0763 0.9574 -0.2786
vn -0.0343 0.9992 -0.0204
vn -0.0928 0.9237 -0.3717
vn -0.0810 0.9557 -0.2831
vn -0.1114 0.9131 -0.3922
vn -0.0900 0.9561 -0.2787
vn -0.0706 0.9972 -0.0261
vn -0.0856 0.9885 -0.1248
vn -0.0434 0.9959 -0.0791
vn -0.1002 0.9683 -0.2286
vn -0.0399 0.9955 -0.0856
vn -0.0898 0.9919 -0.0894
vn -0.0475 0.9735 -0.2239
vn -0.0681 0.9862 -0.1507
vn -0.0580 0.9833 -0.1725
vn -0.0514 0.9884 -0.1430
vn -0.0431 0.9970 -0.0645
vn -0.0302 0.9976 -0.0630
vn -0.0476 0.9986 -0.0238
vn -0.0260 0.9996 0.0074
vn 0.0093 0.9758 0.2184
vn -0.0687 0.9884 -0.1355
vn -0.0802 0.9781 -0.1920
vn -0.1033 0.9318 -0.3479
vn -0.0578 0.9817 -0.1815
vn -0.0872 0.9897 -0.1133
vn -0.0655 0.9955 -0.0692
vn -0.0550 0.9641 -0.2597
vn -0.0144 0.9999 -0.0027
vn -0.0468 0.9960 -0.0767
vn -0.0470 0.9981 -0.0400
vn -0.0463 0.9989 -0.0003
vn -0.0555 0.9974 -0.0468
vn -0.0831 0.9909 -0.1057
vn -0.0905 0.9879 -0.1259
vn -0.0695 0.9954 -0.0660
vn -0.0360 0.9778 0.2066
vn -0.0646 0.9978 0.0168
vn 0.1035 0.3664 0.9247
vn -0.1030 0.9845 -0.1422
vn -0.0761 0.9967 0.0265
vn -0.0578 0.9781 0.2000
vn -0.1268 0.9764 -0.1748
vn -0.1699 0.9845 -0.0430
vn -0.1610 0.9536 -0.2542
vn -0.2210 0.9750 -0.0215
vn -0.1716 0.9611 -0.2166
vn -0.0401 0.9908 0.1290
vn 0.0365 0.9306 0.3642
vn -0.1023 0.9756 0.1944
vn 0.0373 0.9308 0.3637
vn 0.0521 0.9238 0.3792
vn 0.0044 0.9988 0.0486
vn 0.0217 0.9850 -0.1712
vn -0.0312 0.9995 0.0054
vn -0.1586 0.9871 -0.0234
vn -0.0920 0.9836 0.1549
vn -0.0570 0.9984 -0.0044
vn 0.0184 0.9803 -0.1968
vn 0.0156 0.9436 0.3307
vn 0.0902 0.9165 0.3897
vn 0.0060 0.9280 0.3726
vn -0.1382 0.8868 0.4410
vn -0.1432 0.9667 0.2122
vn -0.1492 0.9590 0.2409
vn -0.1137 0.7660 0.6327
vn -0.1398 0.8417 0.5215
vn -0.1298 0.8500 0.5106
vn -0.1761 0.8211 0.5430
vn -0.1811 0.8455 0.5024
vn -0.1333 0.9092 0.3944
vn -0.1211 0.9300 0.3470
vn -0.1217 0.9570 0.2632
vn -0.1354 0.9475 0.2895
vt 0.069120 0.374568
vt 0.061290 0.375082
vt 0.047670 0.323988
vt 0.056025 0.323148
vt 0.090822 0.374121
vt 0.079998 0.324685
vt 0.096209 0.436379
vt 0.075579 0.440745
vt 0.067978 0.441432
vt 0.249951 0.358308
vt 0.250130 0.319166
vt 0.270799 0.310944
vt 0.269719 0.355760
vt 0.249736 0.399256
vt 0.268674 0.402782
vt 0.231474 0.397752
vt 0.231187 0.361807
vt 0.230872 0.327380
vt 0.213106 0.365971
vt 0.212696 0.334804
vt 0.213503 0.398668
vt 0.196250 0.401750
vt 0.195933 0.370052
vt 0.195618 0.340328
vt 0.179895 0.373302
vt 0.179658 0.342839
vt 0.180146 0.406742
vt 0.159269 0.414537
vt 0.158337 0.375103
vt 0.156667 0.340796
vt 0.290810 0.354446
vt 0.293207 0.303493
vt 0.314973 0.281523
vt 0.311901 0.354060
vt 0.288674 0.407931
vt 0.309522 0.414141
vt 0.377551 0.352862
vt 0.375824 0.246457
vt 0.402790 0.239628
vt 0.404387 0.356833
vt 0.379573 0.439294
vt 0.406391 0.451238
vt 0.354043 0.428941
vt 0.352863 0.345355
vt 0.351823 0.254134
vt 0.490231 0.376149
vt 0.489848 0.237407
vt 0.521736 0.240757
vt 0.523114 0.399976
vt 0.522646 0.417310
vt 0.523376 0.504315
vt 0.491784 0.491046
vt 0.490721 0.387648
vt 0.461393 0.477499
vt 0.458496 0.350294
vt 0.459199 0.235531
vt 0.734122 0.654677
vt 0.697535 0.655740
vt 0.696229 0.549172
vt 0.733848 0.554061
vt 0.768909 0.651882
vt 0.770944 0.558013
vt 0.776956 0.736317
vt 0.745689 0.732334
vt 0.714844 0.750709
vt 0.807245 0.285054
vt 0.806017 0.272111
vt 0.826742 0.286815
vt 0.826054 0.297612
vt 0.826062 0.284414
vt 0.804868 0.265284
vt 0.830992 0.290550
vt 0.837492 0.308327
vt 0.789818 0.290696
vt 0.781964 0.262209
vt 0.755193 0.318496
vt 0.755588 0.254378
vt 0.754117 0.234960
vt 0.780348 0.248931
vt 0.587675 0.442234
vt 0.622754 0.446488
vt 0.616760 0.534446
vt 0.586376 0.527378
vt 0.637092 0.259958
vt 0.623887 0.425195
vt 0.588338 0.421607
vt 0.591409 0.250349
vt 0.682458 0.273987
vt 0.660691 0.421654
vt 0.644756 0.539623
vt 0.657759 0.442168
vt 0.684814 0.460594
vt 0.659713 0.543436
vt 0.691939 0.423083
vt 0.709365 0.431493
vt 0.718463 0.298590
vt 0.668071 0.543051
vt 0.124603 0.374838
vt 0.118496 0.332656
vt 0.127698 0.426030
vt 0.668805 0.655481
vt 0.684692 0.655624
vt 0.678349 0.743452
vt 0.704955 0.748743
vt 0.648781 0.742352
vt 0.643093 0.654368
vt 0.615562 0.652866
vt 0.620418 0.741020
vt 0.591678 0.762942
vt 0.586358 0.647730
vt 0.555625 0.635719
vt 0.555077 0.516880
vt 0.556093 0.741235
vt 0.524811 0.721742
vt 0.524172 0.618726
vt 0.434541 0.552272
vt 0.433297 0.464101
vt 0.462584 0.576239
vt 0.435741 0.644489
vt 0.463790 0.674197
vt 0.408672 0.613852
vt 0.407606 0.528544
vt 0.331043 0.473504
vt 0.331002 0.420851
vt 0.354846 0.488177
vt 0.331541 0.526037
vt 0.355678 0.561299
vt 0.309118 0.506186
vt 0.308856 0.461294
vt 0.249527 0.432812
vt 0.268055 0.440302
vt 0.249195 0.461303
vt 0.267499 0.472027
vt 0.231716 0.455910
vt 0.231645 0.428462
vt 0.213789 0.428176
vt 0.214068 0.456345
vt 0.196830 0.462241
vt 0.196515 0.431888
vt 0.180377 0.439534
vt 0.180582 0.473232
vt 0.157306 0.500934
vt 0.158654 0.457063
vt 0.124626 0.490425
vt 0.118985 0.556965
vt 0.080990 0.610655
vt 0.090891 0.521940
vt 0.070050 0.533927
vt 0.058689 0.631336
vt 0.051462 0.633424
vt 0.062853 0.535038
vt 0.897770 0.538078
vt 0.890128 0.531229
vt 0.899498 0.501517
vt 0.907240 0.513917
vt 0.910189 0.542358
vt 0.919432 0.523977
vt 0.905074 0.563330
vt 0.896729 0.563954
vt 0.883943 0.562387
vt 0.930758 0.649247
vt 0.921274 0.622369
vt 0.925391 0.616307
vt 0.936205 0.640445
vt 0.943337 0.674142
vt 0.946299 0.659430
vt 0.933987 0.683254
vt 0.924134 0.659686
vt 0.914527 0.627782
vt 0.879954 0.521935
vt 0.867073 0.511597
vt 0.878093 0.467791
vt 0.889545 0.485338
vt 0.876152 0.563609
vt 0.857749 0.572936
vt 0.902621 0.683792
vt 0.894924 0.656425
vt 0.908578 0.704053
vt 0.876462 0.740524
vt 0.877207 0.712595
vt 0.873369 0.682603
vt 0.811720 0.329659
vt 0.788002 0.373379
vt 0.757967 0.324730
vt 0.791494 0.297026
vt 0.825496 0.306373
vt 0.807959 0.292708
vt 0.844714 0.328364
vt 0.838376 0.339526
vt 0.842127 0.323025
vt 0.815359 0.398855
vt 0.948133 0.523988
vt 0.934389 0.513224
vt 0.942632 0.511260
vt 0.955146 0.524729
vt 0.942735 0.533136
vt 0.956802 0.535998
vt 0.878774 0.408228
vt 0.869830 0.388179
vt 0.873276 0.378699
vt 0.881872 0.397021
vt 0.888263 0.427430
vt 0.890587 0.416351
vt 0.865856 0.451287
vt 0.852071 0.435107
vt 0.820243 0.768637
vt 0.824321 0.761848
vt 0.825674 0.775775
vt 0.821558 0.778961
vt 0.816823 0.774574
vt 0.817554 0.781873
vt 0.814733 0.769538
vt 0.817420 0.760972
vt 0.820905 0.751694
vt 0.431591 0.359884
vt 0.430381 0.236141
vt 0.380704 0.506851
vt 0.381684 0.588183
vt 0.331804 0.347281
vt 0.333030 0.265231
vt 0.287846 0.450012
vt 0.287622 0.487586
vt 0.555229 0.415444
vt 0.554272 0.244569
vt 0.554668 0.433695
vt 0.492810 0.598644
vt 0.493761 0.699628
vt 0.950971 0.690151
vt 0.956113 0.676210
vt 0.956801 0.684077
vt 0.953634 0.696551
vt 0.941427 0.703735
vt 0.947358 0.713675
vt 0.914660 0.726763
vt 0.916990 0.735843
vt 0.885617 0.775025
vt 0.884050 0.764752
vt 0.815739 0.810733
vt 0.817927 0.818066
vt 0.810362 0.823983
vt 0.810042 0.814883
vt 0.813695 0.803723
vt 0.809723 0.806188
vt 0.816502 0.797798
vt 0.820028 0.802472
vt 0.823614 0.806861
vt 0.785578 0.804885
vt 0.775574 0.811553
vt 0.772206 0.781074
vt 0.781761 0.782541
vt 0.788980 0.800154
vt 0.785290 0.782822
vt 0.795149 0.815478
vt 0.792378 0.826399
vt 0.785272 0.847609
vt 0.684522 0.804621
vt 0.717838 0.807643
vt 0.689154 0.854262
vt 0.723890 0.852584
vt 0.654372 0.846436
vt 0.653698 0.791476
vt 0.629622 0.789772
vt 0.622863 0.827981
vt 0.557083 0.867580
vt 0.588906 0.884491
vt 0.557361 0.911937
vt 0.589278 0.926548
vt 0.526318 0.892761
vt 0.525969 0.848140
vt 0.495163 0.823512
vt 0.495640 0.868908
vt 0.465962 0.840358
vt 0.465374 0.794185
vt 0.437310 0.760647
vt 0.437916 0.807131
vt 0.410695 0.772139
vt 0.410125 0.726101
vt 0.382976 0.693770
vt 0.383492 0.738179
vt 0.357340 0.702879
vt 0.356888 0.662377
vt 0.332643 0.616060
vt 0.333102 0.653846
vt 0.309788 0.587428
vt 0.309519 0.559485
vt 0.287300 0.527550
vt 0.287156 0.543536
vt 0.266275 0.512210
vt 0.266645 0.501662
vt 0.248611 0.487057
vt 0.248363 0.495591
vt 0.231692 0.490573
vt 0.231708 0.482066
vt 0.214444 0.485025
vt 0.214580 0.494320
vt 0.197473 0.505171
vt 0.197300 0.494582
vt 0.180755 0.509388
vt 0.180805 0.521178
vt 0.154855 0.562115
vt 0.156038 0.544403
vt 0.114375 0.614590
vt 0.112327 0.641173
vt 0.068827 0.713990
vt 0.072625 0.682377
vt 0.047648 0.710198
vt 0.042207 0.744991
vt 0.031683 0.753937
vt 0.039352 0.714116
vt 0.041641 0.274237
vt 0.032000 0.276148
vt 0.034127 0.250409
vt 0.063465 0.254628
vt 0.069004 0.277590
vt 0.112528 0.295294
vt 0.109580 0.277817
vt 0.153707 0.305522
vt 0.155066 0.313655
vt 0.179468 0.318979
vt 0.179429 0.314121
vt 0.195300 0.310368
vt 0.195361 0.316110
vt 0.212371 0.309888
vt 0.212289 0.303565
vt 0.230551 0.294386
vt 0.230620 0.301224
vt 0.250232 0.291029
vt 0.250253 0.283542
vt 0.271716 0.271787
vt 0.271526 0.280043
vt 0.294881 0.265963
vt 0.295328 0.255813
vt 0.317468 0.225171
vt 0.316962 0.236184
vt 0.333696 0.216422
vt 0.333843 0.204518
vt 0.350605 0.185905
vt 0.350901 0.200107
vt 0.374358 0.182414
vt 0.373867 0.164511
vt 0.400883 0.145777
vt 0.401409 0.165909
vt 0.429328 0.156660
vt 0.428918 0.133487
vt 0.458187 0.128570
vt 0.458486 0.152521
vt 0.489258 0.151348
vt 0.488997 0.126718
vt 0.521027 0.127231
vt 0.521256 0.152292
vt 0.554095 0.154504
vt 0.553962 0.129411
vt 0.593568 0.136791
vt 0.593143 0.161048
vt 0.643769 0.174986
vt 0.645606 0.152883
vt 0.695615 0.173294
vt 0.693176 0.193560
vt 0.728284 0.219668
vt 0.728914 0.198159
vt 0.851075 0.501542
vt 0.837135 0.564257
vt 0.816875 0.561455
vt 0.833080 0.491685
vt 0.756926 0.454237
vt 0.790236 0.470169
vt 0.721691 0.437442
vt 0.856418 0.366482
vt 0.860024 0.360021
vt 0.835977 0.418530
vt 0.814211 0.481939
vt 0.796716 0.559926
vt 0.799661 0.758322
vt 0.797032 0.749887
vt 0.806284 0.745736
vt 0.806646 0.755563
vt 0.802528 0.767055
vt 0.807406 0.765601
vt 0.798612 0.771538
vt 0.793686 0.764299
vt 0.789244 0.757921
vt 0.793561 0.796802
vt 0.790572 0.783797
vt 0.798294 0.794143
vt 0.796496 0.785243
vt 0.801846 0.801571
vt 0.798457 0.808027
vt 0.901073 0.445056
vt 0.914834 0.467368
vt 0.903791 0.437609
vt 0.918425 0.461735
vt 0.925130 0.487157
vt 0.930941 0.487133
vt 0.935444 0.550288
vt 0.954358 0.552978
vt 0.957959 0.565647
vt 0.943099 0.562152
vt 0.917740 0.561547
vt 0.922289 0.564514
vt 0.940875 0.632526
vt 0.929905 0.608788
vt 0.932688 0.604917
vt 0.943288 0.628417
vt 0.950589 0.651741
vt 0.953478 0.648970
vt 0.958943 0.672751
vt 0.960712 0.669077
vt 0.963801 0.674473
vt 0.960889 0.685545
vt 0.820030 0.824792
vt 0.827055 0.810340
vt 0.834550 0.809996
vt 0.821975 0.832238
vt 0.810657 0.833202
vt 0.811104 0.842720
vt 0.792238 0.646941
vt 0.809983 0.642500
vt 0.808069 0.709502
vt 0.794044 0.716879
vt 0.829093 0.754426
vt 0.825775 0.741149
vt 0.836087 0.715459
vt 0.838110 0.744886
vt 0.829681 0.772310
vt 0.837644 0.765703
vt 0.855261 0.660215
vt 0.843918 0.646089
vt 0.867438 0.632311
vt 0.854623 0.703471
vt 0.883621 0.612402
vt 0.899865 0.596624
vt 0.907356 0.591583
vt 0.913166 0.587861
vt 0.921983 0.577964
vt 0.923021 0.579541
vt 0.756487 0.763283
vt 0.774105 0.764644
vt 0.748850 0.776697
vt 0.828018 0.641200
vt 0.822068 0.706892
vt 0.858658 0.796438
vt 0.854464 0.779767
vt 0.859802 0.804285
vt 0.839368 0.827699
vt 0.838528 0.823051
vt 0.824003 0.844765
vt 0.824490 0.847902
vt 0.812796 0.861937
vt 0.812514 0.858917
vt 0.801896 0.868480
vt 0.801233 0.853987
vt 0.802299 0.872852
vt 0.787044 0.886701
vt 0.786199 0.879740
vt 0.761783 0.889449
vt 0.756631 0.852784
vt 0.763476 0.901113
vt 0.732447 0.913882
vt 0.730140 0.901862
vt 0.694071 0.906816
vt 0.696094 0.924378
vt 0.658110 0.927376
vt 0.656825 0.908896
vt 0.621838 0.901372
vt 0.622547 0.934593
vt 0.814683 0.789351
vt 0.813246 0.793511
vt 0.808806 0.787371
vt 0.813882 0.784547
vt 0.817853 0.790116
vt 0.829638 0.792049
vt 0.825817 0.791812
vt 0.836114 0.786974
vt 0.800865 0.781249
vt 0.803155 0.778704
vt 0.801949 0.786512
vt 0.796261 0.777367
vt 0.806856 0.799493
vt 0.804951 0.795624
vt 0.809429 0.798243
vt 0.805623 0.806004
vt 0.801031 0.833558
vt 0.802523 0.823273
vt 0.810683 0.773859
vt 0.812252 0.777536
vt 0.808089 0.775291
vt 0.811602 0.765892
vt 0.817633 0.735855
vt 0.814567 0.746331
vt 0.806798 0.737148
vt 0.750475 0.808104
vt 0.795401 0.743633
vt 0.786159 0.753859
vt 0.781787 0.766376
vt 0.785355 0.768978
vt 0.848176 0.772944
vt 0.853625 0.752745
vt 0.854926 0.731951
vt 0.814024 0.779417
vt 0.812022 0.798033
vt 0.804875 0.774569
vt 0.802166 0.791950
vt 0.821727 0.791061
vt 0.790635 0.772947
vt 0.804116 0.814019
vt 0.812727 0.756565
vt 0.924514 0.580294
vt 0.934342 0.601814
vt 0.924946 0.566538
vt 0.924428 0.568774
vt 0.924019 0.581808
vt 0.933331 0.602198
vt 0.945589 0.567624
vt 0.958252 0.571128
vt 0.955014 0.572855
vt 0.943987 0.569803
vt 0.960526 0.664713
vt 0.962307 0.670356
vt 0.953754 0.645424
vt 0.951724 0.643518
vt 0.958568 0.661651
vt 0.960208 0.666416
vt 0.944482 0.624016
vt 0.942939 0.623234
vt 0.920408 0.583187
vt 0.929250 0.602547
vt 0.920797 0.570810
vt 0.916612 0.571602
vt 0.916231 0.583723
vt 0.924891 0.602683
vt 0.939369 0.571787
vt 0.949415 0.574567
vt 0.944740 0.575310
vt 0.934800 0.572559
vt 0.953214 0.659001
vt 0.954764 0.663504
vt 0.946715 0.641782
vt 0.941994 0.641107
vt 0.948359 0.657970
vt 0.949941 0.662566
vt 0.938373 0.622522
vt 0.933825 0.622245
vt 0.914038 0.582710
vt 0.923043 0.602426
vt 0.914434 0.570106
vt 0.913260 0.567466
vt 0.912837 0.580923
vt 0.922451 0.601973
vt 0.933348 0.571101
vt 0.944460 0.574176
vt 0.945846 0.571958
vt 0.933453 0.568529
vt 0.947446 0.659917
vt 0.949065 0.664620
vt 0.940829 0.642382
vt 0.941440 0.644632
vt 0.948506 0.663354
vt 0.950143 0.668110
vt 0.932334 0.622768
vt 0.932370 0.623691
vt 0.490547 0.370779
vt 0.522315 0.377936
vt 0.807246 0.285271
vt 0.806017 0.272265
vt 0.804868 0.265341
vt 0.789819 0.291096
vt 0.781964 0.262481
vt 0.755194 0.319162
vt 0.755589 0.254761
vt 0.780348 0.248994
vt 0.754117 0.235029
vt 0.588423 0.393160
vt 0.625824 0.401432
vt 0.661904 0.411099
vt 0.718465 0.299291
vt 0.897573 0.536795
vt 0.890020 0.530890
vt 0.896799 0.563166
vt 0.888262 0.563100
vt 0.934729 0.641837
vt 0.939156 0.634443
vt 0.927012 0.612661
vt 0.922641 0.619820
vt 0.944567 0.660793
vt 0.949300 0.654408
vt 0.924138 0.656539
vt 0.932757 0.675379
vt 0.913333 0.632858
vt 0.791495 0.297486
vt 0.757969 0.325443
vt 0.807959 0.292993
vt 0.820242 0.768427
vt 0.821556 0.778447
vt 0.825672 0.775293
vt 0.816821 0.774073
vt 0.817552 0.781330
vt 0.814731 0.769277
vt 0.554431 0.385362
vt 0.952886 0.679215
vt 0.955560 0.685637
vt 0.959445 0.680299
vt 0.957145 0.673759
vt 0.940825 0.694307
vt 0.943679 0.701255
vt 0.815737 0.810255
vt 0.810040 0.814408
vt 0.810360 0.823576
vt 0.817926 0.817654
vt 0.813693 0.803191
vt 0.809721 0.805657
vt 0.820025 0.801986
vt 0.816500 0.797263
vt 0.823612 0.806435
vt 0.785560 0.804110
vt 0.775482 0.809637
vt 0.788978 0.799706
vt 0.792303 0.824466
vt 0.795147 0.815062
vt 0.785204 0.845918
vt 0.684459 0.802957
vt 0.717782 0.806155
vt 0.689105 0.852966
vt 0.723849 0.851505
vt 0.654320 0.845053
vt 0.728285 0.220066
vt 0.728914 0.198220
vt 0.798612 0.771538
vt 0.793559 0.796309
vt 0.790572 0.783640
vt 0.798291 0.793609
vt 0.796494 0.784704
vt 0.798455 0.807550
vt 0.801843 0.801041
vt 0.916395 0.563116
vt 0.942185 0.629120
vt 0.943924 0.625700
vt 0.933147 0.602843
vt 0.930609 0.606730
vt 0.952244 0.650334
vt 0.953647 0.647647
vt 0.959905 0.670205
vt 0.961178 0.667494
vt 0.962087 0.676690
vt 0.963223 0.673470
vt 0.820029 0.824436
vt 0.821973 0.831957
vt 0.834548 0.809698
vt 0.827054 0.809968
vt 0.810655 0.832847
vt 0.811102 0.842434
vt 0.829680 0.772152
vt 0.898703 0.599400
vt 0.907577 0.592219
vt 0.918398 0.583330
vt 0.922453 0.580262
vt 0.838527 0.822897
vt 0.839368 0.827646
vt 0.824002 0.844609
vt 0.824490 0.847841
vt 0.812513 0.858755
vt 0.812796 0.861872
vt 0.801867 0.867725
vt 0.801220 0.853444
vt 0.802288 0.872570
vt 0.786164 0.878878
vt 0.787033 0.886421
vt 0.761741 0.888569
vt 0.756555 0.851200
vt 0.763464 0.900870
vt 0.730078 0.900466
vt 0.732434 0.917903
vt 0.694047 0.906444
vt 0.696089 0.927816
vt 0.656801 0.908629
vt 0.658106 0.930492
vt 0.622548 0.934660
vt 0.814681 0.788795
vt 0.813879 0.783988
vt 0.808804 0.786805
vt 0.813244 0.792954
vt 0.817851 0.789576
vt 0.829636 0.791631
vt 0.825815 0.791356
vt 0.836112 0.786588
vt 0.800863 0.780700
vt 0.801946 0.785955
vt 0.803153 0.778187
vt 0.796260 0.777211
vt 0.806854 0.798940
vt 0.809426 0.797688
vt 0.804949 0.795070
vt 0.805621 0.805475
vt 0.801029 0.833205
vt 0.802521 0.822868
vt 0.810681 0.773419
vt 0.808087 0.774820
vt 0.812250 0.776979
vt 0.811602 0.765835
vt 0.750375 0.806026
vt 0.814022 0.778862
vt 0.812020 0.797479
vt 0.804874 0.774201
vt 0.802163 0.791396
vt 0.821725 0.790560
vt 0.804114 0.813547
vt 0.960788 0.664884
vt 0.962436 0.670400
vt 0.619110 0.915548
vt 0.631331 0.923375
vt 0.628703 0.932610
vt 0.605723 0.945319
vt 0.541252 0.928504
vt 0.526900 0.928478
vt 0.547173 0.918416
vt 0.580849 0.902793
vt 0.588983 0.906120
vt 0.549493 0.912464
vt 0.568727 0.897836
vt 0.556090 0.892668
vt 0.522174 0.904964
vt 0.497833 0.893194
vt 0.461933 0.872823
vt 0.467571 0.871335
vt 0.466914 0.856202
vt 0.525171 0.870809
vt 0.494909 0.848950
vt 0.436299 0.842612
vt 0.424810 0.832661
vt 0.425457 0.825000
vt 0.408691 0.816596
vt 0.413951 0.810729
vt 0.465305 0.818684
vt 0.390946 0.795621
vt 0.396533 0.788913
vt 0.438333 0.786736
vt 0.387970 0.778854
vt 0.425481 0.770712
vt 0.411360 0.753107
vt 0.357050 0.765403
vt 0.335341 0.743544
vt 0.305079 0.703189
vt 0.311658 0.699826
vt 0.398349 0.734546
vt 0.289329 0.673625
vt 0.322842 0.689737
vt 0.383072 0.712752
vt 0.295211 0.662833
vt 0.356758 0.684167
vt 0.268239 0.635930
vt 0.333732 0.638767
vt 0.324906 0.613834
vt 0.232056 0.609027
vt 0.212978 0.598938
vt 0.191390 0.596426
vt 0.221629 0.577961
vt 0.316382 0.589752
vt 0.209795 0.569569
vt 0.313181 0.580708
vt 0.238718 0.537679
vt 0.302673 0.557212
vt 0.308734 0.568146
vt 0.232559 0.557063
vt 0.231488 0.529288
vt 0.243648 0.535170
vt 0.299559 0.551594
vt 0.240362 0.525102
vt 0.245947 0.524271
vt 0.286366 0.527791
vt 0.245947 0.508328
vt 0.275003 0.509396
vt 0.244956 0.482296
vt 0.266630 0.495843
vt 0.220314 0.560333
vt 0.635720 0.150813
vt 0.622542 0.139585
vt 0.635197 0.137572
vt 0.654895 0.158211
vt 0.578615 0.101412
vt 0.554016 0.063239
vt 0.581911 0.087374
vt 0.598821 0.121622
vt 0.612760 0.114065
vt 0.586522 0.067730
vt 0.536445 0.036293
vt 0.627813 0.105903
vt 0.652820 0.134769
vt 0.682282 0.168777
vt 0.278909 0.210528
vt 0.309219 0.186950
vt 0.318004 0.212773
vt 0.286816 0.217264
vt 0.407560 0.124429
vt 0.437046 0.130813
vt 0.394906 0.147414
vt 0.378186 0.133375
vt 0.356868 0.180043
vt 0.343482 0.152145
vt 0.321800 0.174169
vt 0.333503 0.209391
s 1
usemtl 02_-_Default
f 118/1/1 452/2/2 5/3/3
f 5/3/3 345/4/4 118/1/1
f 344/5/5 118/1/1 345/4/4
f 345/4/4 50/6/6 344/5/5
f 118/1/1 344/5/5 15/7/7
f 15/7/7 287/8/8 118/1/1
f 452/2/2 118/1/1 287/8/8
f 287/8/8 503/9/9 452/2/2
f 119/10/10 353/11/11 54/12/12
f 54/12/12 352/13/13 119/10/10
f 281/14/14 119/10/10 352/13/13
f 352/13/13 19/15/15 281/14/14
f 119/10/10 281/14/14 20/16/16
f 20/16/16 350/17/17 119/10/10
f 353/11/11 119/10/10 350/17/17
f 350/17/17 53/18/18 353/11/11
f 120/19/19 351/20/20 53/18/18
f 53/18/18 350/17/17 120/19/19
f 283/21/21 120/19/19 350/17/17
f 350/17/17 20/16/16 283/21/21
f 120/19/19 283/21/21 21/22/22
f 21/22/22 348/23/23 120/19/19
f 351/20/20 120/19/19 348/23/23
f 348/23/23 52/24/24 351/20/20
f 121/25/25 349/26/26 52/24/24
f 52/24/24 348/23/23 121/25/25
f 285/27/27 121/25/25 348/23/23
f 348/23/23 21/22/22 285/27/27
f 121/25/28 285/27/29 22/28/30
f 22/28/30 346/29/31 121/25/28
f 349/26/32 121/25/28 346/29/31
f 346/29/31 51/30/33 349/26/32
f 122/31/34 355/32/35 55/33/36
f 55/33/36 354/34/37 122/31/34
f 304/35/38 122/31/34 354/34/37
f 354/34/37 31/36/39 304/35/38
f 122/31/34 304/35/38 19/15/15
f 19/15/15 352/13/13 122/31/34
f 355/32/35 122/31/34 352/13/13
f 352/13/13 54/12/12 355/32/35
f 123/37/40 359/38/41 57/39/42
f 57/39/42 358/40/43 123/37/40
f 300/41/44 123/37/40 358/40/43
f 358/40/43 28/42/45 300/41/44
f 123/37/40 300/41/44 18/43/46
f 18/43/46 356/44/47 123/37/40
f 359/38/41 123/37/40 356/44/47
f 356/44/47 56/45/48 359/38/41
f 124/46/49 363/47/50 59/48/51
f 59/48/51 362/49/52 124/46/49
f 488/50/53 32/51/54 307/52/55
f 307/52/55 487/53/56 488/50/53
f 17/54/57 360/55/58 487/53/56
f 487/53/56 307/52/55 17/54/57
f 363/47/50 124/46/49 360/55/58
f 360/55/58 58/56/59 363/47/50
f 125/57/60 317/58/61 11/59/62
f 11/59/62 288/60/63 125/57/60
f 378/61/64 125/57/60 288/60/63
f 288/60/63 64/62/65 378/61/64
f 125/57/60 378/61/64 88/63/66
f 88/63/66 401/64/67 125/57/60
f 317/58/61 125/57/60 401/64/67
f 401/64/67 37/65/68 317/58/61
f 496/66/69 265/67/70 126/68/71
f 126/68/71 495/69/72 496/66/69
f 250/70/73 126/68/71 265/67/70
f 265/67/70 571/71/74 250/70/73
f 251/72/75 1055/73/76 495/69/72
f 495/69/72 126/68/71 251/72/75
f 497/74/77 127/75/78 265/67/70
f 265/67/70 496/66/69 497/74/77
f 498/76/79 266/77/80 127/75/78
f 127/75/78 497/74/77 498/76/79
f 127/75/78 266/77/80 576/78/81
f 576/78/81 453/79/82 127/75/78
f 265/67/70 127/75/78 453/79/82
f 453/79/82 571/71/74 265/67/70
f 490/80/83 491/81/84 273/82/85
f 273/82/85 16/83/86 490/80/83
f 367/84/87 128/85/88 364/86/89
f 364/86/89 60/87/90 367/84/87
f 128/85/88 367/84/87 61/88/91
f 61/88/91 366/89/92 128/85/88
f 14/90/93 273/82/85 491/81/84
f 491/81/84 492/91/94 14/90/93
f 492/91/94 493/92/95 271/93/96
f 271/93/96 14/90/93 492/91/94
f 366/89/92 61/88/91 129/94/97
f 499/95/98 129/94/97 368/96/99
f 368/96/99 498/76/79 499/95/98
f 499/95/98 500/97/100 271/93/96
f 499/95/98 271/93/96 493/92/95
f 499/95/98 493/92/95 129/94/97
f 130/98/101 347/99/102 51/30/33
f 51/30/33 346/29/31 130/98/101
f 286/100/103 130/98/101 346/29/31
f 346/29/31 22/28/30 286/100/103
f 130/98/101 286/100/103 15/7/7
f 15/7/7 344/5/5 130/98/101
f 347/99/102 130/98/101 344/5/5
f 344/5/5 50/6/6 347/99/102
f 131/101/104 271/93/96 500/97/100
f 500/97/100 501/102/105 131/101/104
f 320/103/106 131/101/104 501/102/105
f 501/102/105 502/104/107 320/103/106
f 131/101/104 320/103/106 38/105/108
f 38/105/108 270/106/109 131/101/104
f 271/93/96 131/101/104 270/106/109
f 270/106/109 14/90/93 271/93/96
f 132/107/110 273/82/85 14/90/93
f 14/90/93 270/106/109 132/107/110
f 322/108/111 132/107/110 270/106/109
f 270/106/109 38/105/108 322/108/111
f 132/107/110 322/108/111 39/109/112
f 39/109/112 272/110/113 132/107/110
f 273/82/85 132/107/110 272/110/113
f 272/110/113 16/83/86 273/82/85
f 133/111/114 275/112/115 16/83/86
f 16/83/86 272/110/113 133/111/114
f 324/113/116 133/111/114 272/110/113
f 272/110/113 39/109/112 324/113/116
f 133/111/114 324/113/116 40/114/117
f 40/114/117 323/115/118 133/111/114
f 275/112/115 133/111/114 323/115/118
f 323/115/118 32/51/54 275/112/115
f 134/116/119 277/117/120 17/54/57
f 17/54/57 274/118/121 134/116/119
f 328/119/122 134/116/119 274/118/121
f 274/118/121 41/120/123 328/119/122
f 134/116/119 328/119/122 42/121/124
f 42/121/124 327/122/125 134/116/119
f 277/117/120 134/116/119 327/122/125
f 327/122/125 28/42/45 277/117/120
f 135/123/126 279/124/127 18/43/46
f 18/43/46 276/125/128 135/123/126
f 332/126/129 135/123/126 276/125/128
f 276/125/128 43/127/130 332/126/129
f 135/123/126 332/126/129 44/128/131
f 44/128/131 331/129/132 135/123/126
f 279/124/127 135/123/126 331/129/132
f 331/129/132 31/36/39 279/124/127
f 136/130/133 281/14/14 19/15/15
f 19/15/15 278/131/134 136/130/133
f 336/132/135 136/130/133 278/131/134
f 278/131/134 45/133/136 336/132/135
f 136/130/133 336/132/135 46/134/137
f 46/134/137 280/135/138 136/130/133
f 281/14/14 136/130/133 280/135/138
f 280/135/138 20/16/16 281/14/14
f 137/136/139 283/21/21 20/16/16
f 20/16/16 280/135/138 137/136/139
f 338/137/140 137/136/139 280/135/138
f 280/135/138 46/134/137 338/137/140
f 137/136/139 338/137/140 47/138/141
f 47/138/141 282/139/142 137/136/139
f 283/21/21 137/136/139 282/139/142
f 282/139/142 21/22/22 283/21/21
f 138/140/143 285/27/27 21/22/22
f 21/22/22 282/139/142 138/140/143
f 340/141/144 138/140/143 282/139/142
f 282/139/142 47/138/141 340/141/144
f 138/140/145 340/141/146 48/142/147
f 48/142/147 284/143/148 138/140/145
f 285/27/29 138/140/145 284/143/148
f 284/143/148 22/28/30 285/27/29
f 139/144/149 286/100/103 22/28/30
f 22/28/30 284/143/148 139/144/149
f 342/145/150 139/144/149 284/143/148
f 284/143/148 48/142/147 342/145/150
f 139/144/149 342/145/150 49/146/151
f 49/146/151 269/147/152 139/144/149
f 286/100/103 139/144/149 269/147/152
f 269/147/152 15/7/7 286/100/103
f 140/148/153 287/8/8 15/7/7
f 15/7/7 269/147/152 140/148/153
f 343/149/154 140/148/153 269/147/152
f 269/147/152 49/146/151 343/149/154
f 140/148/153 343/149/154 647/150/155
f 647/150/155 648/151/156 140/148/153
f 287/8/8 140/148/153 648/151/156
f 648/151/156 503/9/9 287/8/8
f 141/152/157 291/153/158 23/154/159
f 23/154/159 380/155/160 141/152/157
f 383/156/161 141/152/157 380/155/160
f 380/155/160 66/157/162 383/156/161
f 141/152/157 383/156/161 67/158/163
f 67/158/163 290/159/164 141/152/157
f 291/153/158 141/152/157 290/159/164
f 290/159/164 24/160/165 291/153/158
f 142/161/166 398/162/167 74/163/168
f 74/163/168 397/164/169 142/161/166
f 384/165/170 142/161/166 397/164/169
f 397/164/169 68/166/171 384/165/170
f 142/161/166 384/165/170 34/167/172
f 34/167/172 395/168/173 142/161/166
f 398/162/167 142/161/166 395/168/173
f 395/168/173 73/169/174 398/162/167
f 143/170/175 294/171/176 25/172/177
f 25/172/177 296/173/178 143/170/175
f 291/153/158 143/170/175 296/173/178
f 296/173/178 23/154/159 291/153/158
f 143/170/175 291/153/158 24/160/165
f 24/160/165 293/174/179 143/170/175
f 294/171/176 143/170/175 293/174/179
f 293/174/179 26/175/180 294/171/176
f 144/176/181 396/177/182 73/169/174
f 73/169/174 395/168/173 144/176/181
f 314/178/183 144/176/181 395/168/173
f 395/168/173 34/167/172 314/178/183
f 144/176/181 314/178/183 35/179/184
f 35/179/184 394/180/185 144/176/181
f 396/177/182 144/176/181 394/180/185
f 394/180/185 72/181/186 396/177/182
f 145/182/187 373/183/188 12/184/189
f 12/184/189 263/185/190 145/182/187
f 264/186/191 145/182/187 263/185/190
f 263/185/190 13/187/192 264/186/191
f 685/188/193 374/189/194 145/182/187
f 685/188/193 145/182/187 264/186/191
f 685/188/193 264/186/191 1058/190/195
f 373/183/188 145/182/187 374/189/194
f 374/189/194 63/191/196 373/183/188
f 146/192/197 381/193/198 98/194/199
f 98/194/199 1044/195/200 146/192/197
f 289/196/201 146/192/197 1044/195/200
f 1044/195/200 99/197/202 289/196/201
f 146/192/197 289/196/201 66/157/162
f 66/157/162 381/193/198 146/192/197
f 147/198/203 298/199/204 1019/200/205
f 1019/200/205 1045/201/206 147/198/203
f 369/202/207 147/198/203 1045/201/206
f 1045/201/206 100/203/208 369/202/207
f 147/198/203 369/202/207 25/172/177
f 25/172/177 371/204/209 147/198/203
f 298/199/204 147/198/203 371/204/209
f 371/204/209 62/205/210 298/199/204
f 148/206/211 421/207/212 69/208/213
f 69/208/213 387/209/214 148/206/211
f 444/210/215 148/206/211 387/209/214
f 387/209/214 92/211/216 444/210/215
f 148/206/211 444/210/215 97/212/217
f 97/212/217 443/213/218 148/206/211
f 421/207/212 148/206/211 443/213/218
f 443/213/218 84/214/219 421/207/212
f 149/215/220 361/216/221 58/56/59
f 58/56/59 360/55/58 149/215/220
f 277/117/120 149/215/220 360/55/58
f 360/55/58 17/54/57 277/117/120
f 149/215/220 277/117/120 28/42/45
f 28/42/45 358/40/43 149/215/220
f 361/216/221 149/215/220 358/40/43
f 358/40/43 57/39/42 361/216/221
f 150/217/222 330/218/223 43/127/130
f 43/127/130 276/125/128 150/217/222
f 300/41/44 150/217/222 276/125/128
f 276/125/128 18/43/46 300/41/44
f 150/217/222 300/41/44 28/42/45
f 28/42/45 327/122/125 150/217/222
f 330/218/223 150/217/222 327/122/125
f 327/122/125 42/121/124 330/218/223
f 151/219/224 357/220/225 56/45/48
f 56/45/48 356/44/47 151/219/224
f 279/124/127 151/219/224 356/44/47
f 356/44/47 18/43/46 279/124/127
f 151/219/224 279/124/127 31/36/39
f 31/36/39 354/34/37 151/219/224
f 357/220/225 151/219/224 354/34/37
f 354/34/37 55/33/36 357/220/225
f 152/221/226 334/222/227 45/133/136
f 45/133/136 278/131/134 152/221/226
f 304/35/38 152/221/226 278/131/134
f 278/131/134 19/15/15 304/35/38
f 152/221/226 304/35/38 31/36/39
f 31/36/39 331/129/132 152/221/226
f 334/222/227 152/221/226 331/129/132
f 331/129/132 44/128/131 334/222/227
f 153/223/228 365/224/229 60/87/90
f 60/87/90 364/86/89 153/223/228
f 490/80/83 16/83/86 275/112/115
f 275/112/115 489/225/230 490/80/83
f 32/51/54 488/50/53 489/225/230
f 489/225/230 275/112/115 32/51/54
f 365/224/229 153/223/228 362/49/52
f 362/49/52 59/48/51 365/224/229
f 154/226/231 326/227/232 41/120/123
f 41/120/123 274/118/121 154/226/231
f 307/52/55 154/226/231 274/118/121
f 274/118/121 17/54/57 307/52/55
f 154/226/231 307/52/55 32/51/54
f 32/51/54 323/115/118 154/226/231
f 326/227/232 154/226/231 323/115/118
f 323/115/118 40/114/117 326/227/232
f 155/228/233 386/229/234 1061/230/235
f 1061/230/235 719/231/236 155/228/233
f 311/232/237 155/228/233 719/231/236
f 719/231/236 722/233/238 311/232/237
f 155/228/233 311/232/237 34/167/172
f 34/167/172 384/165/170 155/228/233
f 386/229/234 155/228/233 384/165/170
f 384/165/170 68/166/171 386/229/234
f 156/234/239 314/178/183 34/167/172
f 34/167/172 311/232/237 156/234/239
f 725/235/240 156/234/239 311/232/237
f 311/232/237 722/233/238 725/235/240
f 156/234/239 725/235/240 726/236/241
f 726/236/241 313/237/242 156/234/239
f 314/178/183 156/234/239 313/237/242
f 313/237/242 35/179/184 314/178/183
f 157/238/243 412/239/244 70/240/245
f 70/240/245 436/241/246 157/238/243
f 445/242/247 157/238/243 436/241/246
f 436/241/246 90/243/248 445/242/247
f 157/238/243 445/242/247 94/244/249
f 94/244/249 440/245/250 157/238/243
f 412/239/244 157/238/243 440/245/250
f 440/245/250 81/246/251 412/239/244
f 158/247/252 428/248/253 86/249/254
f 86/249/254 377/250/255 158/247/252
f 418/251/256 158/247/252 377/250/255
f 377/250/255 65/252/257 418/251/256
f 158/247/252 418/251/256 83/253/258
f 83/253/258 420/254/259 158/247/252
f 428/248/253 158/247/252 420/254/259
f 420/254/259 78/255/260 428/248/253
f 159/256/261 320/103/106 502/104/107
f 502/104/107 407/257/262 159/256/261
f 410/258/263 159/256/261 407/257/262
f 407/257/262 79/259/264 410/258/263
f 159/256/261 410/258/263 80/260/265
f 80/260/265 319/261/266 159/256/261
f 320/103/106 159/256/261 319/261/266
f 319/261/266 38/105/108 320/103/106
f 160/262/267 322/108/111 38/105/108
f 38/105/108 319/261/266 160/262/267
f 411/263/268 160/262/267 319/261/266
f 319/261/266 80/260/265 411/263/268
f 160/262/267 411/263/268 39/109/112
f 39/109/112 322/108/111 160/262/267
f 161/264/269 324/113/116 39/109/112
f 39/109/112 321/265/270 161/264/269
f 1046/266/271 161/264/269 321/265/270
f 321/265/270 101/267/272 1046/266/271
f 161/264/269 1046/266/271 756/268/273
f 756/268/273 309/269/274 161/264/269
f 324/113/116 161/264/269 309/269/274
f 309/269/274 40/114/117 324/113/116
f 162/270/275 326/227/232 40/114/117
f 40/114/117 309/269/274 162/270/275
f 759/271/276 162/270/275 309/269/274
f 309/269/274 756/268/273 759/271/276
f 162/270/275 759/271/276 760/272/277
f 760/272/277 325/273/278 162/270/275
f 326/227/232 162/270/275 325/273/278
f 325/273/278 41/120/123 326/227/232
f 163/274/279 328/119/122 41/120/123
f 41/120/123 325/273/278 163/274/279
f 248/275/280 163/274/279 325/273/278
f 325/273/278 760/272/277 248/275/280
f 163/274/279 248/275/280 1026/276/281
f 1026/276/281 302/277/282 163/274/279
f 328/119/122 163/274/279 302/277/282
f 302/277/282 42/121/124 328/119/122
f 164/278/283 330/218/223 42/121/124
f 42/121/124 302/277/282 164/278/283
f 765/279/284 164/278/283 302/277/282
f 302/277/282 1026/276/281 765/279/284
f 164/278/283 765/279/284 3/280/285
f 3/280/285 329/281/286 164/278/283
f 330/218/223 164/278/283 329/281/286
f 329/281/286 43/127/130 330/218/223
f 165/282/287 332/126/129 43/127/130
f 43/127/130 329/281/286 165/282/287
f 1070/283/288 165/282/287 329/281/286
f 329/281/286 3/280/285 1070/283/288
f 165/282/287 1070/283/288 30/284/289
f 30/284/289 306/285/290 165/282/287
f 332/126/129 165/282/287 306/285/290
f 306/285/290 44/128/131 332/126/129
f 166/286/291 334/222/227 44/128/131
f 44/128/131 306/285/290 166/286/291
f 1071/287/292 166/286/291 306/285/290
f 306/285/290 30/284/289 1071/287/292
f 166/286/291 1071/287/292 772/288/293
f 772/288/293 333/289/294 166/286/291
f 334/222/227 166/286/291 333/289/294
f 333/289/294 45/133/136 334/222/227
f 167/290/295 336/132/135 45/133/136
f 45/133/136 333/289/294 167/290/295
f 775/291/296 167/290/295 333/289/294
f 333/289/294 772/288/293 775/291/296
f 167/290/295 775/291/296 776/292/297
f 776/292/297 335/293/298 167/290/295
f 336/132/135 167/290/295 335/293/298
f 335/293/298 46/134/137 336/132/135
f 168/294/299 338/137/140 46/134/137
f 46/134/137 335/293/298 168/294/299
f 457/295/300 168/294/299 335/293/298
f 335/293/298 776/292/297 457/295/300
f 168/294/299 457/295/300 779/296/301
f 779/296/301 337/297/302 168/294/299
f 338/137/140 168/294/299 337/297/302
f 337/297/302 47/138/141 338/137/140
f 169/298/303 340/141/144 47/138/141
f 47/138/141 337/297/302 169/298/303
f 245/299/304 169/298/303 337/297/302
f 337/297/302 779/296/301 245/299/304
f 169/298/305 245/299/306 782/300/307
f 782/300/307 339/301/308 169/298/305
f 340/141/146 169/298/305 339/301/308
f 339/301/308 48/142/147 340/141/146
f 170/302/309 342/145/150 48/142/147
f 48/142/147 339/301/308 170/302/309
f 339/301/308 782/300/307 785/303/310
f 785/303/310 170/302/309 339/301/308
f 170/302/309 785/303/310 4/304/311
f 4/304/311 341/305/312 170/302/309
f 342/145/150 170/302/309 341/305/312
f 341/305/312 49/146/151 342/145/150
f 171/306/313 343/149/154 49/146/151
f 49/146/151 341/305/312 171/306/313
f 504/307/314 171/306/313 341/305/312
f 341/305/312 4/304/311 504/307/314
f 171/306/313 504/307/314 788/308/315
f 788/308/315 458/309/316 171/306/313
f 343/149/154 171/306/313 458/309/316
f 458/309/316 647/150/155 343/149/154
f 172/310/317 345/4/4 5/3/3
f 5/3/3 1195/311/318 172/310/317
f 172/310/317 1196/312/319 790/313/320
f 790/313/320 268/314/321 172/310/317
f 345/4/4 172/310/317 268/314/321
f 268/314/321 50/6/6 345/4/4
f 173/315/322 347/99/102 50/6/6
f 50/6/6 268/314/321 173/315/322
f 793/316/323 173/315/322 268/314/321
f 268/314/321 790/313/320 793/316/323
f 794/317/324 256/318/325 173/315/322
f 173/315/322 793/316/323 794/317/324
f 347/99/102 173/315/322 256/318/325
f 256/318/325 51/30/33 347/99/102
f 174/319/326 349/26/32 51/30/33
f 51/30/33 256/318/325 174/319/326
f 246/320/327 174/319/326 256/318/325
f 256/318/325 794/317/324 246/320/327
f 174/319/328 246/320/329 1076/321/330
f 1076/321/330 255/322/331 174/319/328
f 349/26/26 174/319/328 255/322/331
f 255/322/331 52/24/24 349/26/26
f 175/323/332 351/20/20 52/24/24
f 52/24/24 255/322/331 175/323/332
f 800/324/333 175/323/332 255/322/331
f 255/322/331 1076/321/330 800/324/333
f 175/323/332 800/324/333 6/325/334
f 6/325/334 254/326/335 175/323/332
f 351/20/20 175/323/332 254/326/335
f 254/326/335 53/18/18 351/20/20
f 176/327/336 353/11/11 53/18/18
f 53/18/18 254/326/335 176/327/336
f 1078/328/337 176/327/336 254/326/335
f 254/326/335 6/325/334 1078/328/337
f 176/327/336 1078/328/337 7/329/338
f 7/329/338 257/330/339 176/327/336
f 353/11/11 176/327/336 257/330/339
f 257/330/339 54/12/12 353/11/11
f 177/331/340 355/32/35 54/12/12
f 54/12/12 257/330/339 177/331/340
f 1079/332/341 177/331/340 257/330/339
f 257/330/339 7/329/338 1079/332/341
f 177/331/340 1079/332/341 29/333/342
f 29/333/342 305/334/343 177/331/340
f 355/32/35 177/331/340 305/334/343
f 305/334/343 55/33/36 355/32/35
f 178/335/344 357/220/225 55/33/36
f 55/33/36 305/334/343 178/335/344
f 1042/336/345 178/335/344 305/334/343
f 305/334/343 29/333/342 1042/336/345
f 178/335/344 1042/336/345 809/337/346
f 809/337/346 258/338/347 178/335/344
f 357/220/225 178/335/344 258/338/347
f 258/338/347 56/45/48 357/220/225
f 179/339/348 359/38/41 56/45/48
f 56/45/48 258/338/347 179/339/348
f 459/340/349 179/339/348 258/338/347
f 258/338/347 809/337/346 459/340/349
f 179/339/348 459/340/349 103/341/350
f 103/341/350 301/342/351 179/339/348
f 359/38/41 179/339/348 301/342/351
f 301/342/351 57/39/42 359/38/41
f 180/343/352 361/216/221 57/39/42
f 57/39/42 301/342/351 180/343/352
f 814/344/353 180/343/352 301/342/351
f 301/342/351 103/341/350 814/344/353
f 180/343/352 814/344/353 8/345/354
f 8/345/354 259/346/355 180/343/352
f 361/216/221 180/343/352 259/346/355
f 259/346/355 58/56/59 361/216/221
f 181/347/356 363/47/50 58/56/59
f 58/56/59 259/346/355 181/347/356
f 1082/348/357 181/347/356 259/346/355
f 259/346/355 8/345/354 1082/348/357
f 181/347/356 1082/348/357 104/349/358
f 104/349/358 308/350/359 181/347/356
f 363/47/50 181/347/356 308/350/359
f 308/350/359 59/48/51 363/47/50
f 182/351/360 365/224/229 59/48/51
f 59/48/51 308/350/359 182/351/360
f 820/352/361 182/351/360 308/350/359
f 308/350/359 104/349/358 820/352/361
f 182/351/360 820/352/361 9/353/362
f 9/353/362 260/354/363 182/351/360
f 365/224/229 182/351/360 260/354/363
f 260/354/363 60/87/90 365/224/229
f 183/355/364 367/84/87 60/87/90
f 60/87/90 260/354/363 183/355/364
f 1049/356/365 183/355/364 260/354/363
f 260/354/363 9/353/362 1049/356/365
f 183/355/364 1049/356/365 823/357/366
f 823/357/366 267/358/367 183/355/364
f 367/84/87 183/355/364 267/358/367
f 267/358/367 61/88/91 367/84/87
f 184/359/368 368/96/99 61/88/91
f 61/88/91 267/358/367 184/359/368
f 826/360/369 184/359/368 267/358/367
f 267/358/367 823/357/366 826/360/369
f 184/359/368 826/360/369 576/78/81
f 576/78/81 266/77/80 184/359/368
f 266/77/80 498/76/79 368/96/99
f 368/96/99 184/359/368 266/77/80
f 185/361/370 371/204/209 25/172/177
f 25/172/177 294/171/176 185/361/370
f 297/362/371 185/361/370 294/171/176
f 294/171/176 26/175/180 297/362/371
f 185/361/370 297/362/371 27/363/372
f 27/363/372 370/364/373 185/361/370
f 371/204/209 185/361/370 370/364/373
f 370/364/373 62/205/210 371/204/209
f 186/365/374 376/366/375 64/62/65
f 64/62/65 288/60/63 186/365/374
f 262/367/376 186/365/374 288/60/63
f 288/60/63 11/59/62 262/367/376
f 186/365/374 262/367/376 12/184/189
f 12/184/189 373/183/188 186/365/374
f 376/366/375 186/365/374 373/183/188
f 373/183/188 63/191/196 376/366/375
f 187/368/377 374/189/194 685/188/193
f 685/188/193 252/369/378 187/368/377
f 298/199/204 187/368/377 252/369/378
f 252/369/378 1019/200/205 298/199/204
f 187/368/377 298/199/204 62/205/210
f 62/205/210 372/370/379 187/368/377
f 374/189/194 187/368/377 372/370/379
f 372/370/379 63/191/196 374/189/194
f 188/371/380 376/366/375 63/191/196
f 63/191/196 372/370/379 188/371/380
f 370/364/373 188/371/380 372/370/379
f 372/370/379 62/205/210 370/364/373
f 188/371/380 370/364/373 27/363/372
f 27/363/372 375/372/381 188/371/380
f 376/366/375 188/371/380 375/372/381
f 375/372/381 64/62/65 376/366/375
f 189/373/382 415/374/383 71/375/384
f 71/375/384 391/376/385 189/373/382
f 446/377/386 189/373/382 391/376/385
f 391/376/385 93/378/387 446/377/386
f 189/373/382 446/377/386 95/379/388
f 95/379/388 441/380/389 189/373/382
f 415/374/383 189/373/382 441/380/389
f 441/380/389 82/381/390 415/374/383
f 190/382/391 418/251/256 65/252/257
f 65/252/257 437/383/392 190/382/391
f 447/384/393 190/382/391 437/383/392
f 437/383/392 91/385/394 447/384/393
f 190/382/391 447/384/393 96/386/395
f 96/386/395 442/387/396 190/382/391
f 418/251/256 190/382/391 442/387/396
f 442/387/396 83/253/258 418/251/256
f 191/388/397 379/389/398 23/154/159
f 23/154/159 296/173/178 191/388/397
f 369/202/207 191/388/397 296/173/178
f 296/173/178 25/172/177 369/202/207
f 191/388/397 369/202/207 100/203/208
f 100/203/208 1041/390/399 191/388/397
f 379/389/398 191/388/397 1041/390/399
f 1041/390/399 1086/391/400 379/389/398
f 192/392/401 381/193/198 66/157/162
f 66/157/162 380/155/160 192/392/401
f 379/389/398 192/392/401 380/155/160
f 380/155/160 23/154/159 379/389/398
f 192/392/401 379/389/398 1086/391/400
f 1086/391/400 857/393/402 192/392/401
f 381/193/198 192/392/401 857/393/402
f 857/393/402 98/194/199 381/193/198
f 193/394/403 383/156/161 66/157/162
f 66/157/162 289/196/201 193/394/403
f 1050/395/404 193/394/403 289/196/201
f 289/196/201 99/197/202 1050/395/404
f 193/394/403 1050/395/404 105/396/405
f 105/396/405 247/397/406 193/394/403
f 382/398/407 193/394/403 247/397/406
f 247/397/406 1/399/408 382/398/407
f 193/394/403 382/398/407 67/158/163
f 67/158/163 383/156/161 193/394/403
f 194/400/409 400/401/410 75/402/411
f 75/402/411 399/403/412 194/400/409
f 312/404/413 194/400/409 399/403/412
f 399/403/412 33/405/414 312/404/413
f 194/400/409 312/404/413 68/166/171
f 68/166/171 397/164/169 194/400/409
f 400/401/410 194/400/409 397/164/169
f 397/164/169 74/163/168 400/401/410
f 195/406/415 386/229/234 68/166/171
f 68/166/171 312/404/413 195/406/415
f 310/407/416 195/406/415 312/404/413
f 312/404/413 33/405/414 310/407/416
f 195/406/415 310/407/416 2/408/417
f 2/408/417 1033/409/418 195/406/415
f 386/229/234 195/406/415 1033/409/418
f 1033/409/418 1061/230/235 386/229/234
f 196/410/419 414/411/420 77/412/421
f 77/412/421 426/413/422 196/410/419
f 388/414/423 196/410/419 426/413/422
f 426/413/422 85/415/424 388/414/423
f 196/410/419 388/414/423 70/240/245
f 70/240/245 412/239/244 196/410/419
f 414/411/420 196/410/419 412/239/244
f 412/239/244 81/246/251 414/411/420
f 197/416/425 378/61/64 64/62/65
f 64/62/65 375/372/381 197/416/425
f 299/417/426 197/416/425 375/372/381
f 375/372/381 27/363/372 299/417/426
f 197/416/425 299/417/426 87/418/427
f 87/418/427 430/419/428 197/416/425
f 378/61/64 197/416/425 430/419/428
f 430/419/428 88/63/66 378/61/64
f 198/420/429 423/421/430 76/422/431
f 76/422/431 435/423/432 198/420/429
f 433/424/433 198/420/429 435/423/432
f 435/423/432 89/425/434 433/424/433
f 198/420/429 433/424/433 69/208/213
f 69/208/213 421/207/212 198/420/429
f 423/421/430 198/420/429 421/207/212
f 421/207/212 84/214/219 423/421/430
f 199/426/435 403/427/436 26/175/180
f 26/175/180 295/428/437 199/426/435
f 402/429/438 199/426/435 295/428/437
f 295/428/437 72/181/186 402/429/438
f 199/426/435 402/429/438 76/422/431
f 76/422/431 403/427/436 199/426/435
f 200/430/439 396/177/182 72/181/186
f 72/181/186 295/428/437 200/430/439
f 293/174/179 200/430/439 295/428/437
f 295/428/437 26/175/180 293/174/179
f 200/430/439 293/174/179 24/160/165
f 24/160/165 292/431/440 200/430/439
f 396/177/182 200/430/439 292/431/440
f 292/431/440 73/169/174 396/177/182
f 201/432/441 398/162/167 73/169/174
f 73/169/174 292/431/440 201/432/441
f 290/159/164 201/432/441 292/431/440
f 292/431/440 24/160/165 290/159/164
f 201/432/441 290/159/164 67/158/163
f 67/158/163 385/433/442 201/432/441
f 398/162/167 201/432/441 385/433/442
f 385/433/442 74/163/168 398/162/167
f 202/434/443 400/401/410 74/163/168
f 74/163/168 385/433/442 202/434/443
f 382/398/407 202/434/443 385/433/442
f 385/433/442 67/158/163 382/398/407
f 202/434/443 382/398/407 1/399/408
f 1/399/408 243/435/444 202/434/443
f 400/401/410 202/434/443 243/435/444
f 243/435/444 75/402/411 400/401/410
f 203/436/445 401/64/67 88/63/66
f 88/63/66 431/437/446 203/436/445
f 427/438/447 203/436/445 431/437/446
f 431/437/446 86/249/254 427/438/447
f 203/436/445 427/438/447 37/65/68
f 37/65/68 401/64/67 203/436/445
f 204/439/448 403/427/436 76/422/431
f 76/422/431 432/440/449 204/439/448
f 299/417/426 204/439/448 432/440/449
f 432/440/449 87/418/427 299/417/426
f 204/439/448 299/417/426 27/363/372
f 27/363/372 297/362/371 204/439/448
f 403/427/436 204/439/448 297/362/371
f 297/362/371 26/175/180 403/427/436
f 205/441/450 405/442/451 35/179/184
f 35/179/184 313/237/242 205/441/450
f 903/443/452 205/441/450 313/237/242
f 313/237/242 726/236/241 903/443/452
f 205/441/450 903/443/452 904/444/453
f 904/444/453 404/445/454 205/441/450
f 405/442/451 205/441/450 404/445/454
f 404/445/454 77/412/421 405/442/451
f 206/446/455 426/413/422 77/412/421
f 77/412/421 404/445/454 206/446/455
f 907/447/456 206/446/455 404/445/454
f 404/445/454 904/444/453 907/447/456
f 206/446/455 907/447/456 106/448/457
f 106/448/457 424/449/458 206/446/455
f 426/413/422 206/446/455 424/449/458
f 424/449/458 85/415/424 426/413/422
f 207/450/459 425/451/460 85/415/424
f 85/415/424 424/449/458 207/450/459
f 1091/452/461 207/450/459 424/449/458
f 424/449/458 106/448/457 1091/452/461
f 207/450/459 1091/452/461 912/453/462
f 912/453/462 406/454/463 207/450/459
f 425/451/460 207/450/459 406/454/463
f 406/454/463 78/255/260 425/451/460
f 208/455/464 408/456/465 78/255/260
f 78/255/260 406/454/463 208/455/464
f 916/457/466 208/455/464 406/454/463
f 406/454/463 912/453/462 916/457/466
f 208/455/464 916/457/466 917/458/467
f 917/458/467 261/459/468 208/455/464
f 408/456/465 208/455/464 261/459/468
f 261/459/468 79/259/264 408/456/465
f 209/460/469 410/258/263 79/259/264
f 79/259/264 261/459/468 209/460/469
f 249/461/470 209/460/469 261/459/468
f 261/459/468 917/458/467 249/461/470
f 209/460/469 249/461/470 1095/462/471
f 1095/462/471 409/463/472 209/460/469
f 410/258/263 209/460/469 409/463/472
f 409/463/472 80/260/265 410/258/263
f 210/464/473 411/263/268 80/260/265
f 80/260/265 409/463/472 210/464/473
f 923/465/474 210/464/473 409/463/472
f 409/463/472 1095/462/471 923/465/474
f 210/464/473 923/465/474 101/267/272
f 101/267/272 321/265/270 210/464/473
f 411/263/268 210/464/473 321/265/270
f 321/265/270 39/109/112 411/263/268
f 211/466/475 413/467/476 36/468/477
f 36/468/477 438/469/478 211/466/475
f 448/470/479 211/466/475 438/469/478
f 438/469/478 92/211/216 448/470/479
f 211/466/475 448/470/479 94/244/249
f 94/244/249 413/467/476 211/466/475
f 212/471/480 414/411/420 81/246/251
f 81/246/251 389/472/481 212/471/480
f 433/424/433 212/471/480 389/472/481
f 389/472/481 69/208/213 433/424/433
f 212/471/480 433/424/433 89/425/434
f 89/425/434 434/473/482 212/471/480
f 414/411/420 212/471/480 434/473/482
f 434/473/482 77/412/421 414/411/420
f 213/474/483 416/475/484 36/468/477
f 36/468/477 318/476/485 213/474/483
f 449/477/486 213/474/483 318/476/485
f 318/476/485 91/385/394 449/477/486
f 213/474/483 449/477/486 95/379/388
f 95/379/388 416/475/484 213/474/483
f 214/478/487 419/479/488 36/468/477
f 36/468/477 315/480/489 214/478/487
f 450/481/490 214/478/487 315/480/489
f 315/480/489 90/243/248 450/481/490
f 214/478/487 450/481/490 96/386/395
f 96/386/395 419/479/488 214/478/487
f 215/482/491 420/254/259 83/253/258
f 83/253/258 390/483/492 215/482/491
f 388/414/423 215/482/491 390/483/492
f 390/483/492 70/240/245 388/414/423
f 215/482/491 388/414/423 85/415/424
f 85/415/424 425/451/460 215/482/491
f 420/254/259 215/482/491 425/451/460
f 425/451/460 78/255/260 420/254/259
f 216/484/493 422/485/494 36/468/477
f 36/468/477 439/486/495 216/484/493
f 451/487/496 216/484/493 439/486/495
f 439/486/495 93/378/387 451/487/496
f 216/484/493 451/487/496 97/212/217
f 97/212/217 422/485/494 216/484/493
f 217/488/497 423/421/430 84/214/219
f 84/214/219 393/489/498 217/488/497
f 429/490/499 217/488/497 393/489/498
f 393/489/498 71/375/384 429/490/499
f 217/488/497 429/490/499 87/418/427
f 87/418/427 432/440/449 217/488/497
f 423/421/430 217/488/497 432/440/449
f 432/440/449 76/422/431 423/421/430
f 218/491/500 428/248/253 78/255/260
f 78/255/260 408/456/465 218/491/500
f 407/257/262 218/491/500 408/456/465
f 408/456/465 79/259/264 407/257/262
f 218/491/500 407/257/262 37/65/68
f 37/65/68 427/438/447 218/491/500
f 428/248/253 218/491/500 427/438/447
f 427/438/447 86/249/254 428/248/253
f 219/492/501 430/419/428 87/418/427
f 87/418/427 429/490/499 219/492/501
f 415/374/383 219/492/501 429/490/499
f 429/490/499 71/375/384 415/374/383
f 219/492/501 415/374/383 82/381/390
f 82/381/390 417/493/502 219/492/501
f 430/419/428 219/492/501 417/493/502
f 417/493/502 88/63/66 430/419/428
f 220/494/503 431/437/446 88/63/66
f 88/63/66 417/493/502 220/494/503
f 392/495/504 220/494/503 417/493/502
f 417/493/502 82/381/390 392/495/504
f 220/494/503 392/495/504 65/252/257
f 65/252/257 377/250/255 220/494/503
f 431/437/446 220/494/503 377/250/255
f 377/250/255 86/249/254 431/437/446
f 221/496/505 434/473/482 89/425/434
f 89/425/434 316/497/506 221/496/505
f 405/442/451 221/496/505 316/497/506
f 316/497/506 35/179/184 405/442/451
f 221/496/505 405/442/451 77/412/421
f 77/412/421 434/473/482 221/496/505
f 222/498/507 435/423/432 76/422/431
f 76/422/431 402/429/438 222/498/507
f 394/180/185 222/498/507 402/429/438
f 402/429/438 72/181/186 394/180/185
f 222/498/507 394/180/185 35/179/184
f 35/179/184 316/497/506 222/498/507
f 435/423/432 222/498/507 316/497/506
f 316/497/506 89/425/434 435/423/432
f 223/499/508 444/210/215 92/211/216
f 92/211/216 438/469/478 223/499/508
f 422/485/494 223/499/508 438/469/478
f 438/469/478 36/468/477 422/485/494
f 223/499/508 422/485/494 97/212/217
f 97/212/217 444/210/215 223/499/508
f 224/500/509 445/242/247 90/243/248
f 90/243/248 315/480/489 224/500/509
f 413/467/476 224/500/509 315/480/489
f 315/480/489 36/468/477 413/467/476
f 224/500/509 413/467/476 94/244/249
f 94/244/249 445/242/247 224/500/509
f 225/501/510 446/377/386 93/378/387
f 93/378/387 439/486/495 225/501/510
f 416/475/484 225/501/510 439/486/495
f 439/486/495 36/468/477 416/475/484
f 225/501/510 416/475/484 95/379/388
f 95/379/388 446/377/386 225/501/510
f 226/502/511 447/384/393 91/385/394
f 91/385/394 318/476/485 226/502/511
f 419/479/488 226/502/511 318/476/485
f 318/476/485 36/468/477 419/479/488
f 226/502/511 419/479/488 96/386/395
f 96/386/395 447/384/393 226/502/511
f 227/503/512 448/470/479 92/211/216
f 92/211/216 387/209/214 227/503/512
f 389/472/481 227/503/512 387/209/214
f 387/209/214 69/208/213 389/472/481
f 227/503/512 389/472/481 81/246/251
f 81/246/251 440/245/250 227/503/512
f 448/470/479 227/503/512 440/245/250
f 440/245/250 94/244/249 448/470/479
f 228/504/513 449/477/486 91/385/394
f 91/385/394 437/383/392 228/504/513
f 392/495/504 228/504/513 437/383/392
f 437/383/392 65/252/257 392/495/504
f 228/504/513 392/495/504 82/381/390
f 82/381/390 441/380/389 228/504/513
f 449/477/486 228/504/513 441/380/389
f 441/380/389 95/379/388 449/477/486
f 229/505/514 450/481/490 90/243/248
f 90/243/248 436/241/246 229/505/514
f 390/483/492 229/505/514 436/241/246
f 436/241/246 70/240/245 390/483/492
f 229/505/514 390/483/492 83/253/258
f 83/253/258 442/387/396 229/505/514
f 450/481/490 229/505/514 442/387/396
f 442/387/396 96/386/395 450/481/490
f 230/506/515 451/487/496 93/378/387
f 93/378/387 391/376/385 230/506/515
f 393/489/498 230/506/515 391/376/385
f 391/376/385 71/375/384 393/489/498
f 230/506/515 393/489/498 84/214/219
f 84/214/219 443/213/218 230/506/515
f 451/487/496 230/506/515 443/213/218
f 443/213/218 97/212/217 451/487/496
f 231/507/516 465/508/517 75/402/411
f 75/402/411 243/435/444 231/507/516
f 462/509/518 231/507/516 243/435/444
f 243/435/444 1/399/408 462/509/518
f 231/507/519 462/509/519 107/510/519
f 107/510/519 467/511/519 231/507/519
f 465/508/520 231/507/520 467/511/521
f 467/511/521 110/512/522 465/508/520
f 232/513/523 462/509/518 1/399/408
f 1/399/408 247/397/406 232/513/523
f 1052/514/524 232/513/523 247/397/406
f 247/397/406 105/396/405 1052/514/524
f 232/513/525 1052/514/526 1032/515/527
f 1032/515/527 468/516/528 232/513/525
f 462/509/529 232/513/525 468/516/528
f 468/516/528 107/510/530 462/509/529
f 233/517/531 463/518/532 2/408/417
f 2/408/417 310/407/416 233/517/531
f 464/519/533 233/517/531 310/407/416
f 310/407/416 33/405/414 464/519/533
f 233/517/534 464/519/535 109/520/536
f 109/520/536 469/521/537 233/517/534
f 463/518/538 233/517/534 469/521/537
f 469/521/537 108/522/539 463/518/538
f 234/523/540 464/519/533 33/405/414
f 33/405/414 399/403/412 234/523/540
f 465/508/517 234/523/540 399/403/412
f 399/403/412 75/402/411 465/508/517
f 234/523/541 465/508/520 110/512/522
f 110/512/522 470/524/542 234/523/541
f 464/519/535 234/523/541 470/524/542
f 470/524/542 109/520/536 464/519/535
f 235/525/543 473/526/544 110/512/522
f 110/512/522 467/511/521 235/525/543
f 471/527/545 235/525/543 467/511/521
f 467/511/521 107/510/546 471/527/545
f 235/525/543 471/527/545 112/528/547
f 112/528/547 474/529/548 235/525/543
f 473/526/544 235/525/543 474/529/548
f 474/529/548 114/530/549 473/526/544
f 236/531/550 471/527/551 107/510/530
f 107/510/530 468/516/528 236/531/550
f 1097/532/552 236/531/550 468/516/528
f 468/516/528 1032/515/527 1097/532/552
f 236/531/550 1097/532/552 987/533/553
f 987/533/553 475/534/554 236/531/550
f 471/527/551 236/531/550 475/534/554
f 475/534/554 112/528/555 471/527/551
f 237/535/556 990/536/557 108/522/539
f 108/522/539 469/521/537 237/535/556
f 472/537/558 237/535/556 469/521/537
f 469/521/537 109/520/536 472/537/558
f 237/535/556 472/537/558 113/538/559
f 113/538/559 476/539/560 237/535/556
f 990/536/557 237/535/556 476/539/560
f 476/539/560 994/540/561 990/536/557
f 238/541/562 472/537/558 109/520/536
f 109/520/536 470/524/542 238/541/562
f 473/526/544 238/541/562 470/524/542
f 470/524/542 110/512/522 473/526/544
f 238/541/562 473/526/544 114/530/549
f 114/530/549 477/542/563 238/541/562
f 472/537/558 238/541/562 477/542/563
f 477/542/563 113/538/559 472/537/558
f 239/543/564 481/544/565 114/530/549
f 114/530/549 474/529/548 239/543/564
f 478/545/566 239/543/564 474/529/548
f 474/529/548 112/528/547 478/545/566
f 239/543/564 478/545/566 115/546/567
f 115/546/567 483/547/567 239/543/564
f 481/544/568 239/543/568 483/547/568
f 483/547/568 117/548/568 481/544/568
f 240/549/569 478/545/566 112/528/547
f 112/528/547 475/534/569 240/549/569
f 482/550/570 240/549/570 475/534/570
f 475/534/570 987/533/570 482/550/570
f 240/549/571 482/550/572 1004/551/572
f 1004/551/572 484/552/573 240/549/571
f 478/545/574 240/549/571 484/552/573
f 484/552/573 115/546/574 478/545/574
f 241/553/575 479/554/576 994/540/561
f 994/540/561 476/539/560 241/553/575
f 480/555/577 241/553/575 476/539/560
f 476/539/560 113/538/559 480/555/577
f 241/553/578 480/555/579 116/556/580
f 116/556/580 485/557/581 241/553/578
f 479/554/582 241/553/578 485/557/581
f 485/557/581 1102/558/583 479/554/582
f 242/559/584 480/555/577 113/538/559
f 113/538/559 477/542/563 242/559/584
f 481/544/565 242/559/584 477/542/563
f 477/542/563 114/530/549 481/544/565
f 242/559/585 481/544/568 117/548/568
f 117/548/568 486/560/586 242/559/585
f 480/555/579 242/559/585 486/560/586
f 486/560/586 116/556/580 480/555/579
f 61/88/91 368/96/99 129/94/97
f 360/55/58 124/46/49 487/53/56
f 487/53/56 124/46/49 362/49/52
f 362/49/52 488/50/53 487/53/56
f 488/50/53 362/49/52 153/223/228
f 153/223/228 489/225/230 488/50/53
f 489/225/230 153/223/228 364/86/89
f 364/86/89 490/80/83 489/225/230
f 364/86/89 128/85/88 491/81/84
f 491/81/84 490/80/83 364/86/89
f 128/85/88 366/89/92 492/91/94
f 492/91/94 491/81/84 128/85/88
f 366/89/92 129/94/97 493/92/95
f 493/92/95 492/91/94 366/89/92
f 1055/73/76 1058/190/195 264/186/191
f 264/186/191 495/69/72 1055/73/76
f 495/69/72 264/186/191 13/187/192
f 13/187/192 496/66/69 495/69/72
f 496/66/69 13/187/192 263/185/190
f 263/185/190 497/74/77 496/66/69
f 263/185/190 12/184/189 498/76/79
f 498/76/79 497/74/77 263/185/190
f 498/76/79 12/184/189 262/367/376
f 262/367/376 499/95/98 498/76/79
f 499/95/98 262/367/376 11/59/62
f 11/59/62 500/97/100 499/95/98
f 11/59/62 317/58/61 501/102/105
f 501/102/105 500/97/100 11/59/62
f 317/58/61 37/65/68 502/104/107
f 502/104/107 501/102/105 317/58/61
f 502/104/107 37/65/68 407/257/262
f 506/1/587 505/4/588 5/3/589
f 5/3/589 452/2/590 506/1/587
f 508/5/591 507/6/592 505/4/588
f 505/4/588 506/1/587 508/5/591
f 506/1/587 510/8/593 509/7/594
f 509/7/594 508/5/591 506/1/587
f 452/2/590 503/9/595 510/8/593
f 510/8/593 506/1/587 452/2/590
f 513/10/596 512/13/597 511/12/598
f 511/12/598 514/11/599 513/10/596
f 516/14/600 515/15/601 512/13/597
f 512/13/597 513/10/596 516/14/600
f 513/10/596 518/17/602 517/16/603
f 517/16/603 516/14/600 513/10/596
f 514/11/599 519/18/604 518/17/602
f 518/17/602 513/10/596 514/11/599
f 520/19/605 518/17/602 519/18/604
f 519/18/604 521/20/606 520/19/605
f 522/21/607 517/16/603 518/17/602
f 518/17/602 520/19/605 522/21/607
f 520/19/605 524/23/608 523/22/609
f 523/22/609 522/21/607 520/19/605
f 521/20/606 525/24/610 524/23/608
f 524/23/608 520/19/605 521/20/606
f 526/25/611 524/23/608 525/24/610
f 525/24/610 527/26/612 526/25/611
f 528/27/613 523/22/609 524/23/608
f 524/23/608 526/25/611 528/27/613
f 526/25/614 530/29/615 529/28/616
f 529/28/616 528/27/617 526/25/614
f 527/26/618 531/30/619 530/29/615
f 530/29/615 526/25/614 527/26/618
f 534/31/620 533/34/621 532/33/622
f 532/33/622 535/32/623 534/31/620
f 537/35/624 536/36/625 533/34/621
f 533/34/621 534/31/620 537/35/624
f 534/31/620 512/13/597 515/15/601
f 515/15/601 537/35/624 534/31/620
f 535/32/623 511/12/598 512/13/597
f 512/13/597 534/31/620 535/32/623
f 540/37/626 539/40/627 538/39/628
f 538/39/628 541/38/629 540/37/626
f 543/41/630 542/42/631 539/40/627
f 539/40/627 540/37/626 543/41/630
f 540/37/626 545/44/632 544/43/633
f 544/43/633 543/41/630 540/37/626
f 541/38/629 546/45/634 545/44/632
f 545/44/632 540/37/626 541/38/629
f 549/561/635 548/562/636 547/48/637
f 547/48/637 550/47/638 549/561/635
f 551/50/639 554/53/640 553/52/641
f 553/52/641 552/51/642 551/50/639
f 555/54/643 553/52/641 554/53/640
f 554/53/640 556/55/644 555/54/643
f 550/47/638 557/56/645 556/55/644
f 556/55/644 549/561/635 550/47/638
f 560/57/646 559/60/647 558/59/648
f 558/59/648 561/58/649 560/57/646
f 563/61/650 562/62/651 559/60/647
f 559/60/647 560/57/646 563/61/650
f 560/57/646 565/64/652 564/63/653
f 564/63/653 563/61/650 560/57/646
f 561/58/649 566/65/654 565/64/652
f 565/64/652 560/57/646 561/58/649
f 567/563/655 570/69/656 569/68/657
f 569/68/657 568/564/658 567/563/655
f 1038/70/659 1056/565/660 568/564/658
f 568/564/658 569/68/657 1038/70/659
f 569/68/657 1039/72/661 1038/70/659
f 1039/72/661 569/68/657 570/69/656
f 570/69/656 494/73/662 1039/72/661
f 572/566/663 567/563/655 568/564/658
f 568/564/658 573/567/664 572/566/663
f 574/568/665 572/566/663 573/567/664
f 573/567/664 575/569/666 574/568/665
f 573/567/664 1043/570/667 1057/571/668
f 1057/571/668 575/569/666 573/567/664
f 568/564/658 1056/565/660 1043/570/667
f 1043/570/667 573/567/664 568/564/658
f 578/80/669 577/83/670 580/82/671
f 580/82/671 579/81/672 578/80/669
f 583/84/673 582/87/674 581/572/675
f 581/572/675 584/573/676 583/84/673
f 584/573/676 586/574/677 585/88/678
f 585/88/678 583/84/673 584/573/676
f 588/90/679 587/91/680 579/81/672
f 579/81/672 580/82/671 588/90/679
f 587/91/680 588/90/679 590/93/681
f 590/93/681 589/92/682 587/91/680
f 586/574/677 591/94/683 585/88/678
f 592/95/684 574/568/665 593/575/685
f 593/575/685 591/94/683 592/95/684
f 592/95/684 591/94/683 589/92/682
f 592/95/684 589/92/682 590/93/681
f 592/95/684 590/93/681 594/97/686
f 595/98/687 530/29/615 531/30/619
f 531/30/619 596/99/688 595/98/687
f 597/100/689 529/28/616 530/29/615
f 530/29/615 595/98/687 597/100/689
f 595/98/687 508/5/591 509/7/594
f 509/7/594 597/100/689 595/98/687
f 596/99/688 507/6/592 508/5/591
f 508/5/591 595/98/687 596/99/688
f 599/101/690 598/102/691 594/97/686
f 594/97/686 590/93/681 599/101/690
f 601/103/692 600/104/693 598/102/691
f 598/102/691 599/101/690 601/103/692
f 599/101/690 603/106/694 602/105/695
f 602/105/695 601/103/692 599/101/690
f 590/93/681 588/90/679 603/106/694
f 603/106/694 599/101/690 590/93/681
f 604/107/696 603/106/694 588/90/679
f 588/90/679 580/82/671 604/107/696
f 605/108/697 602/105/695 603/106/694
f 603/106/694 604/107/696 605/108/697
f 604/107/696 607/110/698 606/109/699
f 606/109/699 605/108/697 604/107/696
f 580/82/671 577/83/670 607/110/698
f 607/110/698 604/107/696 580/82/671
f 608/111/700 607/110/698 577/83/670
f 577/83/670 609/112/701 608/111/700
f 610/113/702 606/109/699 607/110/698
f 607/110/698 608/111/700 610/113/702
f 608/111/700 612/115/703 611/114/704
f 611/114/704 610/113/702 608/111/700
f 609/112/701 552/51/642 612/115/703
f 612/115/703 608/111/700 609/112/701
f 614/116/705 613/118/706 555/54/643
f 555/54/643 615/117/707 614/116/705
f 617/119/708 616/120/709 613/118/706
f 613/118/706 614/116/705 617/119/708
f 614/116/705 619/122/710 618/121/711
f 618/121/711 617/119/708 614/116/705
f 615/117/707 542/42/631 619/122/710
f 619/122/710 614/116/705 615/117/707
f 621/123/712 620/125/713 544/43/633
f 544/43/633 622/124/714 621/123/712
f 624/126/715 623/127/716 620/125/713
f 620/125/713 621/123/712 624/126/715
f 621/123/712 626/129/717 625/128/718
f 625/128/718 624/126/715 621/123/712
f 622/124/714 536/36/625 626/129/717
f 626/129/717 621/123/712 622/124/714
f 628/130/719 627/131/720 515/15/601
f 515/15/601 516/14/600 628/130/719
f 630/132/721 629/133/722 627/131/720
f 627/131/720 628/130/719 630/132/721
f 628/130/719 632/135/723 631/134/724
f 631/134/724 630/132/721 628/130/719
f 516/14/600 517/16/603 632/135/723
f 632/135/723 628/130/719 516/14/600
f 633/136/725 632/135/723 517/16/603
f 517/16/603 522/21/607 633/136/725
f 634/137/726 631/134/724 632/135/723
f 632/135/723 633/136/725 634/137/726
f 633/136/725 636/139/727 635/138/728
f 635/138/728 634/137/726 633/136/725
f 522/21/607 523/22/609 636/139/727
f 636/139/727 633/136/725 522/21/607
f 637/140/729 636/139/727 523/22/609
f 523/22/609 528/27/613 637/140/729
f 638/141/730 635/138/728 636/139/727
f 636/139/727 637/140/729 638/141/730
f 637/140/731 640/143/732 639/142/733
f 639/142/733 638/141/734 637/140/731
f 528/27/617 529/28/616 640/143/732
f 640/143/732 637/140/731 528/27/617
f 641/144/735 640/143/732 529/28/616
f 529/28/616 597/100/689 641/144/735
f 642/145/736 639/142/733 640/143/732
f 640/143/732 641/144/735 642/145/736
f 641/144/735 644/147/737 643/146/738
f 643/146/738 642/145/736 641/144/735
f 597/100/689 509/7/594 644/147/737
f 644/147/737 641/144/735 597/100/689
f 645/148/739 644/147/737 509/7/594
f 509/7/594 510/8/593 645/148/739
f 646/149/740 643/146/738 644/147/737
f 644/147/737 645/148/739 646/149/740
f 645/148/739 648/151/741 647/150/742
f 647/150/742 646/149/740 645/148/739
f 510/8/593 503/9/595 648/151/741
f 648/151/741 645/148/739 510/8/593
f 651/576/743 650/155/744 649/154/745
f 649/154/745 652/577/746 651/576/743
f 654/156/747 653/157/748 650/155/744
f 650/155/744 651/576/743 654/156/747
f 651/576/743 656/578/749 655/158/750
f 655/158/750 654/156/747 651/576/743
f 652/577/746 657/579/751 656/578/749
f 656/578/749 651/576/743 652/577/746
f 660/580/752 659/581/753 658/582/754
f 658/582/754 661/583/755 660/580/752
f 663/584/756 662/585/757 659/581/753
f 659/581/753 660/580/752 663/584/756
f 660/580/752 665/586/758 664/587/759
f 664/587/759 663/584/756 660/580/752
f 661/583/755 666/588/760 665/586/758
f 665/586/758 660/580/752 661/583/755
f 669/170/761 668/173/762 667/172/763
f 667/172/763 670/171/764 669/170/761
f 652/577/746 649/154/745 668/173/762
f 668/173/762 669/170/761 652/577/746
f 669/170/761 671/174/765 657/579/751
f 657/579/751 652/577/746 669/170/761
f 670/171/764 672/175/766 671/174/765
f 671/174/765 669/170/761 670/171/764
f 673/176/767 665/586/758 666/588/760
f 666/588/760 674/177/768 673/176/767
f 675/178/769 664/587/759 665/586/758
f 665/586/758 673/176/767 675/178/769
f 673/176/767 677/180/770 676/179/771
f 676/179/771 675/178/769 673/176/767
f 674/177/768 678/181/772 677/180/770
f 677/180/770 673/176/767 674/177/768
f 681/182/773 680/589/774 679/590/775
f 679/590/775 682/183/776 681/182/773
f 684/186/777 683/591/778 680/589/774
f 680/589/774 681/182/773 684/186/777
f 1059/190/779 684/186/777 681/182/773
f 1059/190/779 681/182/773 686/189/780
f 1059/190/779 686/189/780 1060/188/781
f 682/183/776 687/191/782 686/189/780
f 686/189/780 681/182/773 682/183/776
f 688/192/783 454/195/784 1022/194/785
f 1022/194/785 689/193/786 688/192/783
f 690/196/787 1023/197/788 454/195/784
f 454/195/784 688/192/783 690/196/787
f 688/192/783 689/193/786 653/157/748
f 653/157/748 690/196/787 688/192/783
f 691/198/789 455/201/790 10/200/791
f 10/200/791 692/199/792 691/198/789
f 693/202/793 1024/203/794 455/201/790
f 455/201/790 691/198/789 693/202/793
f 691/198/789 694/204/795 667/172/763
f 667/172/763 693/202/793 691/198/789
f 692/199/792 695/205/796 694/204/795
f 694/204/795 691/198/789 692/199/792
f 698/592/797 697/593/798 696/594/799
f 696/594/799 699/207/800 698/592/797
f 701/595/801 700/596/802 697/593/798
f 697/593/798 698/592/797 701/595/801
f 698/592/797 703/213/803 702/597/804
f 702/597/804 701/595/801 698/592/797
f 699/207/800 704/214/805 703/213/803
f 703/213/803 698/592/797 699/207/800
f 705/215/806 556/55/644 557/56/645
f 557/56/645 706/216/807 705/215/806
f 615/117/707 555/54/643 556/55/644
f 556/55/644 705/215/806 615/117/707
f 705/215/806 539/40/627 542/42/631
f 542/42/631 615/117/707 705/215/806
f 706/216/807 538/39/628 539/40/627
f 539/40/627 705/215/806 706/216/807
f 707/217/808 620/125/713 623/127/716
f 623/127/716 708/218/809 707/217/808
f 543/41/630 544/43/633 620/125/713
f 620/125/713 707/217/808 543/41/630
f 707/217/808 619/122/710 542/42/631
f 542/42/631 543/41/630 707/217/808
f 708/218/809 618/121/711 619/122/710
f 619/122/710 707/217/808 708/218/809
f 709/219/810 545/44/632 546/45/634
f 546/45/634 710/220/811 709/219/810
f 622/124/714 544/43/633 545/44/632
f 545/44/632 709/219/810 622/124/714
f 709/219/810 533/34/621 536/36/625
f 536/36/625 622/124/714 709/219/810
f 710/220/811 532/33/622 533/34/621
f 533/34/621 709/219/810 710/220/811
f 711/221/812 627/131/720 629/133/722
f 629/133/722 712/222/813 711/221/812
f 537/35/624 515/15/601 627/131/720
f 627/131/720 711/221/812 537/35/624
f 711/221/812 626/129/717 536/36/625
f 536/36/625 537/35/624 711/221/812
f 712/222/813 625/128/718 626/129/717
f 626/129/717 711/221/812 712/222/813
f 713/598/814 581/572/675 582/87/674
f 582/87/674 714/224/815 713/598/814
f 578/80/669 715/225/816 609/112/701
f 609/112/701 577/83/670 578/80/669
f 552/51/642 609/112/701 715/225/816
f 715/225/816 551/50/639 552/51/642
f 714/224/815 547/48/637 548/562/636
f 548/562/636 713/598/814 714/224/815
f 716/226/817 613/118/706 616/120/709
f 616/120/709 717/227/818 716/226/817
f 553/52/641 555/54/643 613/118/706
f 613/118/706 716/226/817 553/52/641
f 716/226/817 612/115/703 552/51/642
f 552/51/642 553/52/641 716/226/817
f 717/227/818 611/114/704 612/115/703
f 612/115/703 716/226/817 717/227/818
f 720/599/819 1062/600/820 718/601/821
f 718/601/821 721/602/822 720/599/819
f 723/603/823 1063/604/824 1062/600/820
f 1062/600/820 720/599/819 723/603/823
f 720/599/819 663/584/756 664/587/759
f 664/587/759 723/603/823 720/599/819
f 721/602/822 662/585/757 663/584/756
f 663/584/756 720/599/819 721/602/822
f 724/234/825 723/603/823 664/587/759
f 664/587/759 675/178/769 724/234/825
f 1064/235/826 1063/604/824 723/603/823
f 723/603/823 724/234/825 1064/235/826
f 724/234/825 727/237/827 1065/236/828
f 1065/236/828 1064/235/826 724/234/825
f 675/178/769 676/179/771 727/237/827
f 727/237/827 724/234/825 675/178/769
f 730/605/829 729/606/830 728/607/831
f 728/607/831 731/608/832 730/605/829
f 733/609/833 732/610/834 729/606/830
f 729/606/830 730/605/829 733/609/833
f 730/605/829 735/611/835 734/612/836
f 734/612/836 733/609/833 730/605/829
f 731/608/832 736/613/837 735/611/835
f 735/611/835 730/605/829 731/608/832
f 739/614/838 738/250/839 737/249/840
f 737/249/840 740/615/841 739/614/838
f 742/616/842 741/252/843 738/250/839
f 738/250/839 739/614/838 742/616/842
f 739/614/838 744/617/844 743/618/845
f 743/618/845 742/616/842 739/614/838
f 740/615/841 745/619/846 744/617/844
f 744/617/844 739/614/838 740/615/841
f 747/620/847 746/621/848 600/104/693
f 600/104/693 601/103/692 747/620/847
f 749/622/849 748/623/850 746/621/848
f 746/621/848 747/620/847 749/622/849
f 747/620/847 751/261/851 750/624/852
f 750/624/852 749/622/849 747/620/847
f 601/103/692 602/105/695 751/261/851
f 751/261/851 747/620/847 601/103/692
f 752/262/853 751/261/851 602/105/695
f 602/105/695 605/108/697 752/262/853
f 753/263/854 750/624/852 751/261/851
f 751/261/851 752/262/853 753/263/854
f 752/262/853 605/108/697 606/109/699
f 606/109/699 753/263/854 752/262/853
f 755/264/855 754/265/856 606/109/699
f 606/109/699 610/113/702 755/264/855
f 456/266/857 1025/267/858 754/265/856
f 754/265/856 755/264/855 456/266/857
f 755/264/855 757/269/859 1066/268/860
f 1066/268/860 456/266/857 755/264/855
f 610/113/702 611/114/704 757/269/859
f 757/269/859 755/264/855 610/113/702
f 758/270/861 757/269/859 611/114/704
f 611/114/704 717/227/818 758/270/861
f 1067/271/862 1066/268/860 757/269/859
f 757/269/859 758/270/861 1067/271/862
f 758/270/861 761/273/863 1068/272/864
f 1068/272/864 1067/271/862 758/270/861
f 717/227/818 616/120/709 761/273/863
f 761/273/863 758/270/861 717/227/818
f 762/274/865 761/273/863 616/120/709
f 616/120/709 617/119/708 762/274/865
f 1036/275/866 1068/272/864 761/273/863
f 761/273/863 762/274/865 1036/275/866
f 762/274/865 763/277/867 102/276/868
f 102/276/868 1036/275/866 762/274/865
f 617/119/708 618/121/711 763/277/867
f 763/277/867 762/274/865 617/119/708
f 764/278/869 763/277/867 618/121/711
f 618/121/711 708/218/809 764/278/869
f 1069/279/870 102/276/868 763/277/867
f 763/277/867 764/278/869 1069/279/870
f 764/278/869 766/281/871 1014/280/872
f 1014/280/872 1069/279/870 764/278/869
f 708/218/809 623/127/716 766/281/871
f 766/281/871 764/278/869 708/218/809
f 767/282/873 766/281/871 623/127/716
f 623/127/716 624/126/715 767/282/873
f 768/283/874 1014/280/872 766/281/871
f 766/281/871 767/282/873 768/283/874
f 767/282/873 769/285/875 1021/284/876
f 1021/284/876 768/283/874 767/282/873
f 624/126/715 625/128/718 769/285/875
f 769/285/875 767/282/873 624/126/715
f 770/286/877 769/285/875 625/128/718
f 625/128/718 712/222/813 770/286/877
f 771/287/878 1021/284/876 769/285/875
f 769/285/875 770/286/877 771/287/878
f 770/286/877 773/289/879 1072/288/880
f 1072/288/880 771/287/878 770/286/877
f 712/222/813 629/133/722 773/289/879
f 773/289/879 770/286/877 712/222/813
f 774/290/881 773/289/879 629/133/722
f 629/133/722 630/132/721 774/290/881
f 1073/291/882 1072/288/880 773/289/879
f 773/289/879 774/290/881 1073/291/882
f 774/290/881 777/293/883 1074/292/884
f 1074/292/884 1073/291/882 774/290/881
f 630/132/721 631/134/724 777/293/883
f 777/293/883 774/290/881 630/132/721
f 778/294/885 777/293/883 631/134/724
f 631/134/724 634/137/726 778/294/885
f 1047/295/886 1074/292/884 777/293/883
f 777/293/883 778/294/885 1047/295/886
f 778/294/885 780/297/887 1075/296/888
f 1075/296/888 1047/295/886 778/294/885
f 634/137/726 635/138/728 780/297/887
f 780/297/887 778/294/885 634/137/726
f 781/298/889 780/297/887 635/138/728
f 635/138/728 638/141/730 781/298/889
f 1034/299/890 1075/296/888 780/297/887
f 780/297/887 781/298/889 1034/299/890
f 781/298/891 783/301/892 782/300/893
f 782/300/893 1034/299/894 781/298/891
f 638/141/734 639/142/733 783/301/892
f 783/301/892 781/298/891 638/141/734
f 784/302/895 783/301/892 639/142/733
f 639/142/733 642/145/736 784/302/895
f 783/301/892 784/302/895 785/303/896
f 785/303/896 782/300/893 783/301/892
f 784/302/895 786/305/897 4/304/898
f 4/304/898 785/303/896 784/302/895
f 642/145/736 643/146/738 786/305/897
f 786/305/897 784/302/895 642/145/736
f 787/306/899 786/305/897 643/146/738
f 643/146/738 646/149/740 787/306/899
f 504/307/900 4/304/898 786/305/897
f 786/305/897 787/306/899 504/307/900
f 787/306/899 458/309/901 788/308/902
f 788/308/902 504/307/900 787/306/899
f 646/149/740 647/150/742 458/309/901
f 458/309/901 787/306/899 646/149/740
f 789/310/903 1195/311/904 5/3/589
f 5/3/589 505/4/588 789/310/903
f 1195/311/904 1197/310/905 1196/312/906
f 789/310/903 791/314/907 790/313/908
f 790/313/908 1196/312/906 789/310/903
f 505/4/588 507/6/592 791/314/907
f 791/314/907 789/310/903 505/4/588
f 792/315/909 791/314/907 507/6/592
f 507/6/592 596/99/688 792/315/909
f 793/316/910 790/313/908 791/314/907
f 791/314/907 792/315/909 793/316/910
f 794/317/911 793/316/910 792/315/909
f 792/315/909 795/318/912 794/317/911
f 596/99/688 531/30/619 795/318/912
f 795/318/912 792/315/909 596/99/688
f 796/319/913 795/318/912 531/30/619
f 531/30/619 527/26/618 796/319/913
f 1035/320/914 794/317/911 795/318/912
f 795/318/912 796/319/913 1035/320/914
f 796/319/915 798/322/916 797/321/917
f 797/321/917 1035/320/918 796/319/915
f 527/26/612 525/24/610 798/322/916
f 798/322/916 796/319/915 527/26/612
f 799/323/919 798/322/916 525/24/610
f 525/24/610 521/20/606 799/323/919
f 1077/324/920 797/321/917 798/322/916
f 798/322/916 799/323/919 1077/324/920
f 799/323/919 801/326/921 1015/325/922
f 1015/325/922 1077/324/920 799/323/919
f 521/20/606 519/18/604 801/326/921
f 801/326/921 799/323/919 521/20/606
f 802/327/923 801/326/921 519/18/604
f 519/18/604 514/11/599 802/327/923
f 803/328/924 1015/325/922 801/326/921
f 801/326/921 802/327/923 803/328/924
f 802/327/923 804/330/925 1016/329/926
f 1016/329/926 803/328/924 802/327/923
f 514/11/599 511/12/598 804/330/925
f 804/330/925 802/327/923 514/11/599
f 805/331/927 804/330/925 511/12/598
f 511/12/598 535/32/623 805/331/927
f 806/332/928 1016/329/926 804/330/925
f 804/330/925 805/331/927 806/332/928
f 805/331/927 807/334/929 1020/333/930
f 1020/333/930 806/332/928 805/331/927
f 535/32/623 532/33/622 807/334/929
f 807/334/929 805/331/927 535/32/623
f 808/335/931 807/334/929 532/33/622
f 532/33/622 710/220/811 808/335/931
f 303/336/932 1020/333/930 807/334/929
f 807/334/929 808/335/931 303/336/932
f 808/335/931 810/338/933 1080/337/934
f 1080/337/934 303/336/932 808/335/931
f 710/220/811 546/45/634 810/338/933
f 810/338/933 808/335/931 710/220/811
f 811/339/935 810/338/933 546/45/634
f 546/45/634 541/38/629 811/339/935
f 1048/340/936 1080/337/934 810/338/933
f 810/338/933 811/339/935 1048/340/936
f 811/339/935 812/342/937 1027/341/938
f 1027/341/938 1048/340/936 811/339/935
f 541/38/629 538/39/628 812/342/937
f 812/342/937 811/339/935 541/38/629
f 813/343/939 812/342/937 538/39/628
f 538/39/628 706/216/807 813/343/939
f 1081/344/940 1027/341/938 812/342/937
f 812/342/937 813/343/939 1081/344/940
f 813/343/939 815/346/941 1017/345/942
f 1017/345/942 1081/344/940 813/343/939
f 706/216/807 557/56/645 815/346/941
f 815/346/941 813/343/939 706/216/807
f 816/347/943 815/346/941 557/56/645
f 557/56/645 550/47/638 816/347/943
f 817/348/944 1017/345/942 815/346/941
f 815/346/941 816/347/943 817/348/944
f 816/347/943 818/350/945 1028/349/946
f 1028/349/946 817/348/944 816/347/943
f 550/47/638 547/48/637 818/350/945
f 818/350/945 816/347/943 550/47/638
f 819/351/947 818/350/945 547/48/637
f 547/48/637 714/224/815 819/351/947
f 1083/352/948 1028/349/946 818/350/945
f 818/350/945 819/351/947 1083/352/948
f 819/351/947 821/354/949 1018/353/950
f 1018/353/950 1083/352/948 819/351/947
f 714/224/815 582/87/674 821/354/949
f 821/354/949 819/351/947 714/224/815
f 822/355/951 821/354/949 582/87/674
f 582/87/674 583/84/673 822/355/951
f 460/356/952 1018/353/950 821/354/949
f 821/354/949 822/355/951 460/356/952
f 822/355/951 824/358/953 1084/357/954
f 1084/357/954 460/356/952 822/355/951
f 583/84/673 585/88/678 824/358/953
f 824/358/953 822/355/951 583/84/673
f 825/625/955 824/358/953 585/88/678
f 585/88/678 593/575/685 825/625/955
f 1085/626/956 1084/357/954 824/358/953
f 824/358/953 825/625/955 1085/626/956
f 825/625/955 575/569/666 1057/571/668
f 1057/571/668 1085/626/956 825/625/955
f 575/569/666 825/625/955 593/575/685
f 593/575/685 574/568/665 575/569/666
f 827/361/957 670/171/764 667/172/763
f 667/172/763 694/204/795 827/361/957
f 828/362/958 672/175/766 670/171/764
f 670/171/764 827/361/957 828/362/958
f 827/361/957 830/364/959 829/363/960
f 829/363/960 828/362/958 827/361/957
f 694/204/795 695/205/796 830/364/959
f 830/364/959 827/361/957 694/204/795
f 831/365/961 559/60/647 562/62/651
f 562/62/651 832/366/962 831/365/961
f 833/367/963 558/59/648 559/60/647
f 559/60/647 831/365/961 833/367/963
f 831/365/961 682/183/776 679/590/775
f 679/590/775 833/367/963 831/365/961
f 832/366/962 687/191/782 682/183/776
f 682/183/776 831/365/961 832/366/962
f 834/368/964 1040/369/965 1060/188/781
f 1060/188/781 686/189/780 834/368/964
f 692/199/792 10/200/791 1040/369/965
f 1040/369/965 834/368/964 692/199/792
f 834/368/964 835/370/966 695/205/796
f 695/205/796 692/199/792 834/368/964
f 686/189/780 687/191/782 835/370/966
f 835/370/966 834/368/964 686/189/780
f 836/371/967 835/370/966 687/191/782
f 687/191/782 832/366/962 836/371/967
f 830/364/959 695/205/796 835/370/966
f 835/370/966 836/371/967 830/364/959
f 836/371/967 837/372/968 829/363/960
f 829/363/960 830/364/959 836/371/967
f 832/366/962 562/62/651 837/372/968
f 837/372/968 836/371/967 832/366/962
f 840/373/969 839/376/970 838/375/971
f 838/375/971 841/374/972 840/373/969
f 843/377/973 842/378/974 839/376/970
f 839/376/970 840/373/969 843/377/973
f 840/373/969 845/380/975 844/627/976
f 844/627/976 843/377/973 840/373/969
f 841/374/972 846/381/977 845/380/975
f 845/380/975 840/373/969 841/374/972
f 848/628/978 847/629/979 741/252/843
f 741/252/843 742/616/842 848/628/978
f 850/630/980 849/631/981 847/629/979
f 847/629/979 848/628/978 850/630/980
f 848/628/978 852/632/982 851/633/983
f 851/633/983 850/630/980 848/628/978
f 742/616/842 743/618/845 852/632/982
f 852/632/982 848/628/978 742/616/842
f 853/388/984 668/173/762 649/154/745
f 649/154/745 854/389/985 853/388/984
f 693/202/793 667/172/763 668/173/762
f 668/173/762 853/388/984 693/202/793
f 853/388/984 253/390/986 1024/203/794
f 1024/203/794 693/202/793 853/388/984
f 854/389/985 855/391/987 253/390/986
f 253/390/986 853/388/984 854/389/985
f 856/392/988 650/155/744 653/157/748
f 653/157/748 689/193/786 856/392/988
f 854/389/985 649/154/745 650/155/744
f 650/155/744 856/392/988 854/389/985
f 856/392/988 1087/393/989 855/391/987
f 855/391/987 854/389/985 856/392/988
f 689/193/786 1022/194/785 1087/393/989
f 1087/393/989 856/392/988 689/193/786
f 858/394/990 690/196/787 653/157/748
f 653/157/748 654/156/747 858/394/990
f 461/395/991 1023/197/788 690/196/787
f 690/196/787 858/394/990 461/395/991
f 858/394/990 859/397/992 1029/396/993
f 1029/396/993 461/395/991 858/394/990
f 861/634/994 860/399/995 859/397/992
f 859/397/992 858/394/990 861/634/994
f 858/394/990 654/156/747 655/158/750
f 655/158/750 861/634/994 858/394/990
f 864/635/996 863/636/997 862/637/998
f 862/637/998 865/638/999 864/635/996
f 867/639/1000 866/640/1001 863/636/997
f 863/636/997 864/635/996 867/639/1000
f 864/635/996 659/581/753 662/585/757
f 662/585/757 867/639/1000 864/635/996
f 865/638/999 658/582/754 659/581/753
f 659/581/753 864/635/996 865/638/999
f 868/641/1002 867/639/1000 662/585/757
f 662/585/757 721/602/822 868/641/1002
f 869/642/1003 866/640/1001 867/639/1000
f 867/639/1000 868/641/1002 869/642/1003
f 868/641/1002 244/643/1004 1013/644/1005
f 1013/644/1005 869/642/1003 868/641/1002
f 721/602/822 718/601/821 244/643/1004
f 244/643/1004 868/641/1002 721/602/822
f 872/645/1006 871/646/1007 870/647/1008
f 870/647/1008 873/648/1009 872/645/1006
f 875/649/1010 874/650/1011 871/646/1007
f 871/646/1007 872/645/1006 875/649/1010
f 872/645/1006 731/608/832 728/607/831
f 728/607/831 875/649/1010 872/645/1006
f 873/648/1009 736/613/837 731/608/832
f 731/608/832 872/645/1006 873/648/1009
f 876/416/1012 837/372/968 562/62/651
f 562/62/651 563/61/650 876/416/1012
f 877/417/1013 829/363/960 837/372/968
f 837/372/968 876/416/1012 877/417/1013
f 876/416/1012 879/419/1014 878/418/1015
f 878/418/1015 877/417/1013 876/416/1012
f 563/61/650 564/63/653 879/419/1014
f 879/419/1014 876/416/1012 563/61/650
f 882/420/1016 881/423/1017 880/422/1018
f 880/422/1018 883/421/1019 882/420/1016
f 885/651/1020 884/425/1021 881/423/1017
f 881/423/1017 882/420/1016 885/651/1020
f 882/420/1016 699/207/800 696/594/799
f 696/594/799 885/651/1020 882/420/1016
f 883/421/1019 704/214/805 699/207/800
f 699/207/800 882/420/1016 883/421/1019
f 887/426/1022 886/428/1023 672/175/766
f 672/175/766 888/427/1024 887/426/1022
f 889/429/1025 678/181/772 886/428/1023
f 886/428/1023 887/426/1022 889/429/1025
f 887/426/1022 888/427/1024 880/422/1018
f 880/422/1018 889/429/1025 887/426/1022
f 890/430/1026 886/428/1023 678/181/772
f 678/181/772 674/177/768 890/430/1026
f 671/174/765 672/175/766 886/428/1023
f 886/428/1023 890/430/1026 671/174/765
f 890/430/1026 891/652/1027 657/579/751
f 657/579/751 671/174/765 890/430/1026
f 674/177/768 666/588/760 891/652/1027
f 891/652/1027 890/430/1026 674/177/768
f 892/653/1028 891/652/1027 666/588/760
f 666/588/760 661/583/755 892/653/1028
f 656/578/749 657/579/751 891/652/1027
f 891/652/1027 892/653/1028 656/578/749
f 892/653/1028 893/433/1029 655/158/750
f 655/158/750 656/578/749 892/653/1028
f 661/583/755 658/582/754 893/433/1029
f 893/433/1029 892/653/1028 661/583/755
f 894/654/1030 893/433/1029 658/582/754
f 658/582/754 865/638/999 894/654/1030
f 861/634/994 655/158/750 893/433/1029
f 893/433/1029 894/654/1030 861/634/994
f 894/654/1030 895/655/1031 860/399/995
f 860/399/995 861/634/994 894/654/1030
f 865/638/999 862/637/998 895/655/1031
f 895/655/1031 894/654/1030 865/638/999
f 897/436/1032 896/437/1033 564/63/653
f 564/63/653 565/64/652 897/436/1032
f 898/438/1034 737/249/840 896/437/1033
f 896/437/1033 897/436/1032 898/438/1034
f 897/436/1032 565/64/652 566/65/654
f 566/65/654 898/438/1034 897/436/1032
f 900/439/1035 899/440/1036 880/422/1018
f 880/422/1018 888/427/1024 900/439/1035
f 877/417/1013 878/418/1015 899/440/1036
f 899/440/1036 900/439/1035 877/417/1013
f 900/439/1035 828/362/958 829/363/960
f 829/363/960 877/417/1013 900/439/1035
f 888/427/1024 672/175/766 828/362/958
f 828/362/958 900/439/1035 888/427/1024
f 901/441/1037 727/237/827 676/179/771
f 676/179/771 902/442/1038 901/441/1037
f 1088/443/1039 1065/236/828 727/237/827
f 727/237/827 901/441/1037 1088/443/1039
f 901/441/1037 905/656/1040 1089/657/1041
f 1089/657/1041 1088/443/1039 901/441/1037
f 902/442/1038 870/647/1008 905/656/1040
f 905/656/1040 901/441/1037 902/442/1038
f 906/658/1042 905/656/1040 870/647/1008
f 870/647/1008 871/646/1007 906/658/1042
f 1090/659/1043 1089/657/1041 905/656/1040
f 905/656/1040 906/658/1042 1090/659/1043
f 906/658/1042 908/660/1044 1030/661/1045
f 1030/661/1045 1090/659/1043 906/658/1042
f 871/646/1007 874/650/1011 908/660/1044
f 908/660/1044 906/658/1042 871/646/1007
f 909/662/1046 908/660/1044 874/650/1011
f 874/650/1011 910/663/1047 909/662/1046
f 911/664/1048 1030/661/1045 908/660/1044
f 908/660/1044 909/662/1046 911/664/1048
f 909/662/1046 913/665/1049 1092/666/1050
f 1092/666/1050 911/664/1048 909/662/1046
f 910/663/1047 745/619/846 913/665/1049
f 913/665/1049 909/662/1046 910/663/1047
f 914/667/1051 913/665/1049 745/619/846
f 745/619/846 915/668/1052 914/667/1051
f 1093/669/1053 1092/666/1050 913/665/1049
f 913/665/1049 914/667/1051 1093/669/1053
f 914/667/1051 918/670/1054 1094/671/1055
f 1094/671/1055 1093/669/1053 914/667/1051
f 915/668/1052 748/623/850 918/670/1054
f 918/670/1054 914/667/1051 915/668/1052
f 919/672/1056 918/670/1054 748/623/850
f 748/623/850 749/622/849 919/672/1056
f 1037/673/1057 1094/671/1055 918/670/1054
f 918/670/1054 919/672/1056 1037/673/1057
f 919/672/1056 921/674/1058 920/675/1059
f 920/675/1059 1037/673/1057 919/672/1056
f 749/622/849 750/624/852 921/674/1058
f 921/674/1058 919/672/1056 749/622/849
f 922/464/1060 921/674/1058 750/624/852
f 750/624/852 753/263/854 922/464/1060
f 1096/676/1061 920/675/1059 921/674/1058
f 921/674/1058 922/464/1060 1096/676/1061
f 922/464/1060 754/265/856 1025/267/858
f 1025/267/858 1096/676/1061 922/464/1060
f 753/263/854 606/109/699 754/265/856
f 754/265/856 922/464/1060 753/263/854
f 926/677/1062 925/678/1063 924/679/1064
f 924/679/1064 927/680/1065 926/677/1062
f 928/681/1066 700/596/802 925/678/1063
f 925/678/1063 926/677/1062 928/681/1066
f 926/677/1062 927/680/1065 734/612/836
f 734/612/836 928/681/1066 926/677/1062
f 930/682/1067 929/683/1068 736/613/837
f 736/613/837 873/648/1009 930/682/1067
f 885/651/1020 696/594/799 929/683/1068
f 929/683/1068 930/682/1067 885/651/1020
f 930/682/1067 931/684/1069 884/425/1021
f 884/425/1021 885/651/1020 930/682/1067
f 873/648/1009 870/647/1008 931/684/1069
f 931/684/1069 930/682/1067 873/648/1009
f 933/685/1070 932/686/1071 924/679/1064
f 924/679/1064 934/687/1072 933/685/1070
f 935/688/1073 849/631/981 932/686/1071
f 932/686/1071 933/685/1070 935/688/1073
f 933/685/1070 934/687/1072 844/627/976
f 844/627/976 935/688/1073 933/685/1070
f 937/689/1074 936/690/1075 924/679/1064
f 924/679/1064 938/691/1076 937/689/1074
f 939/692/1077 732/610/834 936/690/1075
f 936/690/1075 937/689/1074 939/692/1077
f 937/689/1074 938/691/1076 851/633/983
f 851/633/983 939/692/1077 937/689/1074
f 941/693/1078 940/694/1079 743/618/845
f 743/618/845 744/617/844 941/693/1078
f 875/649/1010 728/607/831 940/694/1079
f 940/694/1079 941/693/1078 875/649/1010
f 941/693/1078 910/663/1047 874/650/1011
f 874/650/1011 875/649/1010 941/693/1078
f 744/617/844 745/619/846 910/663/1047
f 910/663/1047 941/693/1078 744/617/844
f 943/695/1080 942/696/1081 924/679/1064
f 924/679/1064 944/697/1082 943/695/1080
f 945/698/1083 842/378/974 942/696/1081
f 942/696/1081 943/695/1080 945/698/1083
f 943/695/1080 944/697/1082 702/597/804
f 702/597/804 945/698/1083 943/695/1080
f 947/488/1084 946/489/1085 704/214/805
f 704/214/805 883/421/1019 947/488/1084
f 948/490/1086 838/375/971 946/489/1085
f 946/489/1085 947/488/1084 948/490/1086
f 947/488/1084 899/440/1036 878/418/1015
f 878/418/1015 948/490/1086 947/488/1084
f 883/421/1019 880/422/1018 899/440/1036
f 899/440/1036 947/488/1084 883/421/1019
f 949/699/1087 915/668/1052 745/619/846
f 745/619/846 740/615/841 949/699/1087
f 746/621/848 748/623/850 915/668/1052
f 915/668/1052 949/699/1087 746/621/848
f 949/699/1087 898/438/1034 566/65/654
f 566/65/654 746/621/848 949/699/1087
f 740/615/841 737/249/840 898/438/1034
f 898/438/1034 949/699/1087 740/615/841
f 950/492/1088 948/490/1086 878/418/1015
f 878/418/1015 879/419/1014 950/492/1088
f 841/374/972 838/375/971 948/490/1086
f 948/490/1086 950/492/1088 841/374/972
f 950/492/1088 951/493/1089 846/381/977
f 846/381/977 841/374/972 950/492/1088
f 879/419/1014 564/63/653 951/493/1089
f 951/493/1089 950/492/1088 879/419/1014
f 952/494/1090 951/493/1089 564/63/653
f 564/63/653 896/437/1033 952/494/1090
f 953/495/1091 846/381/977 951/493/1089
f 951/493/1089 952/494/1090 953/495/1091
f 952/494/1090 738/250/839 741/252/843
f 741/252/843 953/495/1091 952/494/1090
f 896/437/1033 737/249/840 738/250/839
f 738/250/839 952/494/1090 896/437/1033
f 955/496/1092 954/497/1093 884/425/1021
f 884/425/1021 931/684/1069 955/496/1092
f 902/442/1038 676/179/771 954/497/1093
f 954/497/1093 955/496/1092 902/442/1038
f 955/496/1092 931/684/1069 870/647/1008
f 870/647/1008 902/442/1038 955/496/1092
f 956/498/1094 889/429/1025 880/422/1018
f 880/422/1018 881/423/1017 956/498/1094
f 677/180/770 678/181/772 889/429/1025
f 889/429/1025 956/498/1094 677/180/770
f 956/498/1094 954/497/1093 676/179/771
f 676/179/771 677/180/770 956/498/1094
f 881/423/1017 884/425/1021 954/497/1093
f 954/497/1093 956/498/1094 881/423/1017
f 957/700/1095 925/678/1063 700/596/802
f 700/596/802 701/595/801 957/700/1095
f 944/697/1082 924/679/1064 925/678/1063
f 925/678/1063 957/700/1095 944/697/1082
f 957/700/1095 701/595/801 702/597/804
f 702/597/804 944/697/1082 957/700/1095
f 958/701/1096 936/690/1075 732/610/834
f 732/610/834 733/609/833 958/701/1096
f 927/680/1065 924/679/1064 936/690/1075
f 936/690/1075 958/701/1096 927/680/1065
f 958/701/1096 733/609/833 734/612/836
f 734/612/836 927/680/1065 958/701/1096
f 959/702/1097 942/696/1081 842/378/974
f 842/378/974 843/377/973 959/702/1097
f 934/687/1072 924/679/1064 942/696/1081
f 942/696/1081 959/702/1097 934/687/1072
f 959/702/1097 843/377/973 844/627/976
f 844/627/976 934/687/1072 959/702/1097
f 960/703/1098 932/686/1071 849/631/981
f 849/631/981 850/630/980 960/703/1098
f 938/691/1076 924/679/1064 932/686/1071
f 932/686/1071 960/703/1098 938/691/1076
f 960/703/1098 850/630/980 851/633/983
f 851/633/983 938/691/1076 960/703/1098
f 961/704/1099 697/593/798 700/596/802
f 700/596/802 928/681/1066 961/704/1099
f 929/683/1068 696/594/799 697/593/798
f 697/593/798 961/704/1099 929/683/1068
f 961/704/1099 735/611/835 736/613/837
f 736/613/837 929/683/1068 961/704/1099
f 928/681/1066 734/612/836 735/611/835
f 735/611/835 961/704/1099 928/681/1066
f 962/504/1100 847/629/979 849/631/981
f 849/631/981 935/688/1073 962/504/1100
f 953/495/1091 741/252/843 847/629/979
f 847/629/979 962/504/1100 953/495/1091
f 962/504/1100 845/380/975 846/381/977
f 846/381/977 953/495/1091 962/504/1100
f 935/688/1073 844/627/976 845/380/975
f 845/380/975 962/504/1100 935/688/1073
f 963/705/1101 729/606/830 732/610/834
f 732/610/834 939/692/1077 963/705/1101
f 940/694/1079 728/607/831 729/606/830
f 729/606/830 963/705/1101 940/694/1079
f 963/705/1101 852/632/982 743/618/845
f 743/618/845 940/694/1079 963/705/1101
f 939/692/1077 851/633/983 852/632/982
f 852/632/982 963/705/1101 939/692/1077
f 964/506/1102 839/376/970 842/378/974
f 842/378/974 945/698/1083 964/506/1102
f 946/489/1085 838/375/971 839/376/970
f 839/376/970 964/506/1102 946/489/1085
f 964/506/1102 703/213/803 704/214/805
f 704/214/805 946/489/1085 964/506/1102
f 945/698/1083 702/597/804 703/213/803
f 703/213/803 964/506/1102 945/698/1083
f 965/507/1103 895/655/1031 862/637/998
f 862/637/998 966/508/1104 965/507/1103
f 967/509/1105 860/399/995 895/655/1031
f 895/655/1031 965/507/1103 967/509/1105
f 965/507/1106 969/511/1106 968/510/1106
f 968/510/1106 967/509/1106 965/507/1106
f 966/508/1107 970/512/1108 969/511/1109
f 969/511/1109 965/507/1107 966/508/1107
f 971/513/1110 859/397/992 860/399/995
f 860/399/995 967/509/1105 971/513/1110
f 466/514/1111 1029/396/993 859/397/992
f 859/397/992 971/513/1110 466/514/1111
f 971/513/1112 972/516/1113 111/515/1114
f 111/515/1114 466/514/1115 971/513/1112
f 967/509/1116 968/510/1117 972/516/1113
f 972/516/1113 971/513/1112 967/509/1116
f 973/706/1118 869/642/1003 1013/644/1005
f 1013/644/1005 1051/707/1119 973/706/1118
f 974/519/1120 866/640/1001 869/642/1003
f 869/642/1003 973/706/1118 974/519/1120
f 973/706/1121 976/521/1122 975/520/1123
f 975/520/1123 974/519/1124 973/706/1121
f 1051/707/1125 1031/522/1126 976/521/1122
f 976/521/1122 973/706/1121 1051/707/1125
f 977/523/1127 863/636/997 866/640/1001
f 866/640/1001 974/519/1120 977/523/1127
f 966/508/1104 862/637/998 863/636/997
f 863/636/997 977/523/1127 966/508/1104
f 977/523/1128 978/524/1129 970/512/1108
f 970/512/1108 966/508/1107 977/523/1128
f 974/519/1124 975/520/1123 978/524/1129
f 978/524/1129 977/523/1128 974/519/1124
f 979/525/1130 969/511/1109 970/512/1108
f 970/512/1108 980/526/1131 979/525/1130
f 981/527/1132 968/510/1133 969/511/1109
f 969/511/1109 979/525/1130 981/527/1132
f 979/525/1130 983/529/1134 982/528/1135
f 982/528/1135 981/527/1132 979/525/1130
f 980/526/1131 984/530/1136 983/529/1134
f 983/529/1134 979/525/1130 980/526/1131
f 985/531/1137 972/516/1113 968/510/1117
f 968/510/1117 981/527/1138 985/531/1137
f 986/532/1139 111/515/1114 972/516/1113
f 972/516/1113 985/531/1137 986/532/1139
f 985/531/1137 988/534/1140 1098/533/1141
f 1098/533/1141 986/532/1139 985/531/1137
f 981/527/1138 982/528/1142 988/534/1140
f 988/534/1140 985/531/1137 981/527/1138
f 989/535/1143 976/521/1122 1031/522/1126
f 1031/522/1126 1099/536/1144 989/535/1143
f 991/537/1145 975/520/1123 976/521/1122
f 976/521/1122 989/535/1143 991/537/1145
f 989/535/1143 993/539/1146 992/538/1147
f 992/538/1147 991/537/1145 989/535/1143
f 1099/536/1144 1100/540/1148 993/539/1146
f 993/539/1146 989/535/1143 1099/536/1144
f 995/541/1149 978/524/1129 975/520/1123
f 975/520/1123 991/537/1145 995/541/1149
f 980/526/1131 970/512/1108 978/524/1129
f 978/524/1129 995/541/1149 980/526/1131
f 995/541/1149 996/542/1150 984/530/1136
f 984/530/1136 980/526/1131 995/541/1149
f 991/537/1145 992/538/1147 996/542/1150
f 996/542/1150 995/541/1149 991/537/1145
f 997/543/1151 983/529/1134 984/530/1136
f 984/530/1136 998/544/1152 997/543/1151
f 999/545/1153 982/528/1135 983/529/1134
f 983/529/1134 997/543/1151 999/545/1153
f 997/543/1154 1001/547/1155 1000/546/1155
f 1000/546/1155 999/545/1153 997/543/1151
f 998/544/1156 1002/548/1156 1001/547/1156
f 1001/547/1156 997/543/1156 998/544/1156
f 1003/549/1157 988/534/1157 982/528/1135
f 982/528/1135 999/545/1153 1003/549/1157
f 1054/550/1158 1098/533/1158 988/534/1158
f 988/534/1158 1003/549/1158 1054/550/1158
f 1003/549/1159 1005/552/1160 1101/551/1161
f 1101/551/1162 1054/550/1162 1003/549/1163
f 999/545/1164 1000/546/1164 1005/552/1160
f 1005/552/1160 1003/549/1159 999/545/1164
f 1006/553/1165 993/539/1146 1100/540/1148
f 1100/540/1148 1053/554/1166 1006/553/1165
f 1007/555/1167 992/538/1147 993/539/1146
f 993/539/1146 1006/553/1165 1007/555/1167
f 1006/553/1168 1009/557/1169 1008/556/1170
f 1008/556/1170 1007/555/1171 1006/553/1168
f 1053/554/1172 1010/558/1173 1009/557/1169
f 1009/557/1169 1006/553/1168 1053/554/1172
f 1011/559/1174 996/542/1150 992/538/1147
f 992/538/1147 1007/555/1167 1011/559/1174
f 998/544/1152 984/530/1136 996/542/1150
f 996/542/1150 1011/559/1174 998/544/1152
f 1011/559/1175 1012/560/1176 1002/548/1156
f 1002/548/1156 998/544/1156 1011/559/1175
f 1007/555/1171 1008/556/1170 1012/560/1176
f 1012/560/1176 1011/559/1175 1007/555/1171
f 585/88/678 591/94/683 593/575/685
f 556/55/644 554/53/640 549/561/635
f 554/53/640 551/50/639 548/562/636
f 548/562/636 549/561/635 554/53/640
f 551/50/639 715/225/816 713/598/814
f 713/598/814 548/562/636 551/50/639
f 715/225/816 578/80/669 581/572/675
f 581/572/675 713/598/814 715/225/816
f 581/572/675 578/80/669 579/81/672
f 579/81/672 584/573/676 581/572/675
f 584/573/676 579/81/672 587/91/680
f 587/91/680 586/574/677 584/573/676
f 586/574/677 587/91/680 589/92/682
f 589/92/682 591/94/683 586/574/677
f 494/73/662 570/69/656 684/186/777
f 684/186/777 1059/190/779 494/73/662
f 570/69/656 567/563/655 683/591/778
f 683/591/778 684/186/777 570/69/656
f 567/563/655 572/566/663 680/589/774
f 680/589/774 683/591/778 567/563/655
f 680/589/774 572/566/663 574/568/665
f 574/568/665 679/590/775 680/589/774
f 574/568/665 592/95/684 833/367/963
f 833/367/963 679/590/775 574/568/665
f 592/95/684 594/97/686 558/59/648
f 558/59/648 833/367/963 592/95/684
f 558/59/648 594/97/686 598/102/691
f 598/102/691 561/58/649 558/59/648
f 561/58/649 598/102/691 600/104/693
f 600/104/693 566/65/654 561/58/649
f 600/104/693 746/621/848 566/65/654
f 685/188/193 1058/190/195 1059/190/779
f 1059/190/779 1060/188/781 685/188/193
f 571/71/74 1056/565/660 1038/70/659
f 1038/70/659 250/70/73 571/71/74
f 251/72/75 1039/72/661 494/73/662
f 494/73/662 1055/73/76 251/72/75
f 576/78/81 1057/571/668 1043/570/667
f 1043/570/667 453/79/82 576/78/81
f 98/194/199 1022/194/785 454/195/784
f 454/195/784 1044/195/200 98/194/199
f 1044/195/1177 454/195/1177 1023/197/1177
f 1023/197/1177 99/197/1177 1044/195/1177
f 1019/200/205 10/200/791 455/201/790
f 455/201/790 1045/201/206 1019/200/205
f 1045/201/206 455/201/790 1024/203/794
f 1024/203/794 100/203/208 1045/201/206
f 101/267/272 1025/267/858 456/266/857
f 456/266/857 1046/266/271 101/267/272
f 1046/266/271 456/266/857 1066/268/860
f 1066/268/860 756/268/273 1046/266/271
f 248/275/280 1036/275/866 102/276/868
f 102/276/868 1026/276/281 248/275/280
f 1026/276/281 102/276/868 1069/279/870
f 1069/279/870 765/279/284 1026/276/281
f 3/280/285 1014/280/872 768/283/874
f 768/283/874 1070/283/288 3/280/285
f 30/284/289 1021/284/876 771/287/878
f 771/287/878 1071/287/292 30/284/289
f 457/295/300 1047/295/886 1075/296/888
f 1075/296/888 779/296/301 457/295/300
f 245/299/1178 1034/299/1178 782/300/1178
f 794/317/1179 1035/320/1179 246/320/1179
f 800/324/333 1077/324/920 1015/325/922
f 1015/325/922 6/325/334 800/324/333
f 1078/328/337 803/328/924 1016/329/926
f 1016/329/926 7/329/338 1078/328/337
f 1079/332/341 806/332/928 1020/333/930
f 1020/333/930 29/333/342 1079/332/341
f 29/333/342 1020/333/930 303/336/932
f 303/336/932 1042/336/345 29/333/342
f 809/337/346 1080/337/934 1048/340/936
f 1048/340/936 459/340/349 809/337/346
f 459/340/349 1048/340/936 1027/341/938
f 1027/341/938 103/341/350 459/340/349
f 814/344/353 1081/344/940 1017/345/942
f 1017/345/942 8/345/354 814/344/353
f 1082/348/357 817/348/944 1028/349/946
f 1028/349/946 104/349/358 1082/348/357
f 820/352/361 1083/352/948 1018/353/950
f 1018/353/950 9/353/362 820/352/361
f 9/353/362 1018/353/950 460/356/952
f 460/356/952 1049/356/365 9/353/362
f 685/188/193 1060/188/781 1040/369/965
f 1040/369/965 252/369/378 685/188/193
f 252/369/378 1040/369/965 10/200/791
f 10/200/791 1019/200/205 252/369/378
f 100/203/208 1024/203/794 253/390/986
f 253/390/986 1041/390/399 100/203/208
f 857/393/402 1087/393/989 1022/194/785
f 1022/194/785 98/194/199 857/393/402
f 99/197/1180 1023/197/1180 461/395/1180
f 461/395/1180 1050/395/1180 99/197/1180
f 1050/395/1181 461/395/1181 1029/396/1182
f 1029/396/1182 105/396/1182 1050/395/1181
f 2/408/417 1013/644/1005 244/643/1004
f 244/643/1004 1033/409/418 2/408/417
f 1033/409/418 244/643/1004 718/601/821
f 718/601/821 1061/230/235 1033/409/418
f 106/448/457 1030/661/1045 911/664/1048
f 911/664/1048 1091/452/461 106/448/457
f 249/461/470 1037/673/1057 920/675/1059
f 920/675/1059 1095/462/471 249/461/470
f 105/396/1182 1029/396/1182 466/514/1183
f 466/514/1183 1052/514/1184 105/396/1182
f 1052/514/526 466/514/1115 111/515/1114
f 111/515/1114 1032/515/527 1052/514/526
f 463/518/532 1051/707/1119 1013/644/1005
f 1013/644/1005 2/408/417 463/518/532
f 108/522/539 1031/522/1126 1051/707/1125
f 1051/707/1125 463/518/538 108/522/539
f 1032/515/527 111/515/1114 986/532/1139
f 986/532/1139 1097/532/552 1032/515/527
f 990/536/557 1099/536/1144 1031/522/1126
f 1031/522/1126 108/522/539 990/536/557
f 479/554/1185 1053/554/1185 1100/540/1185
f 1100/540/1185 994/540/1185 479/554/1185
f 1056/565/660 571/71/74 453/79/82
f 453/79/82 1043/570/667 1056/565/660
f 1062/600/820 719/231/236 1061/230/235
f 1061/230/235 718/601/821 1062/600/820
f 1063/604/824 722/233/238 719/231/236
f 719/231/236 1062/600/820 1063/604/824
f 1064/235/826 725/235/240 722/233/238
f 722/233/238 1063/604/824 1064/235/826
f 1065/236/828 726/236/241 725/235/240
f 725/235/240 1064/235/826 1065/236/828
f 1067/271/862 759/271/276 756/268/273
f 756/268/273 1066/268/860 1067/271/862
f 1068/272/864 760/272/277 759/271/276
f 759/271/276 1067/271/862 1068/272/864
f 1036/275/866 248/275/280 760/272/277
f 760/272/277 1068/272/864 1036/275/866
f 1014/280/872 3/280/285 765/279/284
f 765/279/284 1069/279/870 1014/280/872
f 1021/284/876 30/284/289 1070/283/288
f 1070/283/288 768/283/874 1021/284/876
f 1072/288/880 772/288/293 1071/287/292
f 1071/287/292 771/287/878 1072/288/880
f 1073/291/882 775/291/296 772/288/293
f 772/288/293 1072/288/880 1073/291/882
f 1074/292/884 776/292/297 775/291/296
f 775/291/296 1073/291/882 1074/292/884
f 1047/295/886 457/295/300 776/292/297
f 776/292/297 1074/292/884 1047/295/886
f 1034/299/890 245/299/304 779/296/301
f 779/296/301 1075/296/888 1034/299/890
f 797/321/917 1076/321/330 246/320/329
f 246/320/329 1035/320/918 797/321/917
f 1077/324/920 800/324/333 1076/321/330
f 1076/321/330 797/321/917 1077/324/920
f 803/328/924 1078/328/337 6/325/334
f 6/325/334 1015/325/922 803/328/924
f 806/332/928 1079/332/341 7/329/338
f 7/329/338 1016/329/926 806/332/928
f 1080/337/934 809/337/346 1042/336/345
f 1042/336/345 303/336/932 1080/337/934
f 1081/344/940 814/344/353 103/341/350
f 103/341/350 1027/341/938 1081/344/940
f 817/348/944 1082/348/357 8/345/354
f 8/345/354 1017/345/942 817/348/944
f 1083/352/948 820/352/361 104/349/358
f 104/349/358 1028/349/946 1083/352/948
f 1084/357/954 823/357/366 1049/356/365
f 1049/356/365 460/356/952 1084/357/954
f 1085/626/956 826/360/369 823/357/366
f 823/357/366 1084/357/954 1085/626/956
f 1057/571/668 576/78/81 826/360/369
f 826/360/369 1085/626/956 1057/571/668
f 855/391/987 1086/391/400 1041/390/399
f 1041/390/399 253/390/986 855/391/987
f 1087/393/989 857/393/402 1086/391/400
f 1086/391/400 855/391/987 1087/393/989
f 1088/443/1039 903/443/452 726/236/241
f 726/236/241 1065/236/828 1088/443/1039
f 1089/657/1041 904/444/453 903/443/452
f 903/443/452 1088/443/1039 1089/657/1041
f 1090/659/1043 907/447/456 904/444/453
f 904/444/453 1089/657/1041 1090/659/1043
f 1030/661/1045 106/448/457 907/447/456
f 907/447/456 1090/659/1043 1030/661/1045
f 1092/666/1050 912/453/462 1091/452/461
f 1091/452/461 911/664/1048 1092/666/1050
f 1093/669/1053 916/457/466 912/453/462
f 912/453/462 1092/666/1050 1093/669/1053
f 1094/671/1055 917/458/467 916/457/466
f 916/457/466 1093/669/1053 1094/671/1055
f 1037/673/1057 249/461/470 917/458/467
f 917/458/467 1094/671/1055 1037/673/1057
f 1096/676/1061 923/465/474 1095/462/471
f 1095/462/471 920/675/1059 1096/676/1061
f 1025/267/858 101/267/272 923/465/474
f 923/465/474 1096/676/1061 1025/267/858
f 1098/533/1141 987/533/553 1097/532/552
f 1097/532/552 986/532/1139 1098/533/1141
f 1099/536/1144 990/536/557 994/540/561
f 994/540/561 1100/540/1148 1099/536/1144
f 1054/550/1186 482/550/1187 987/533/1187
f 987/533/1187 1098/533/1186 1054/550/1186
f 1101/551/1188 1004/551/1188 482/550/1188
f 482/550/1188 1054/550/1188 1101/551/1188
f 1053/554/1172 479/554/582 1102/558/583
f 1102/558/583 1010/558/1173 1053/554/1172
f 1059/190/779 1058/190/195 1055/73/76
f 1055/73/76 494/73/662 1059/190/779
f 251/72/75 126/68/71 250/70/73
f 251/72/75 250/70/73 1038/70/659
f 1038/70/659 1039/72/661 251/72/75
f 1158/708/1189 1157/709/1190 1103/710/1191
f 1103/710/1191 1104/711/1192 1158/708/1189
f 1105/712/1193 1106/713/1194 1107/714/1195
f 1105/712/1193 1107/714/1195 1159/715/1196
f 1105/712/1193 1159/715/1196 1156/716/1197
f 1156/716/1197 1158/708/1189 1104/711/1192
f 1104/711/1192 1105/712/1193 1156/716/1197
f 1159/715/1196 1107/714/1195 1108/717/1198
f 1108/717/1198 1162/718/1199 1159/715/1196
f 1155/719/1200 1162/718/1199 1108/717/1198
f 1155/719/1200 1108/717/1198 1109/720/1201
f 1155/719/1200 1109/720/1201 1110/721/1202
f 1110/721/1202 1111/722/1194 1112/723/1203
f 1155/719/1200 1110/721/1202 1112/723/1203
f 1112/723/1203 1113/724/1204 1154/725/1205
f 1154/725/1205 1155/719/1200 1112/723/1203
f 1153/726/1206 1154/725/1205 1113/724/1204
f 1153/726/1206 1113/724/1204 1114/727/1207
f 1153/726/1206 1114/727/1207 1115/728/1208
f 1153/726/1206 1115/728/1208 1116/729/1209
f 1116/729/1209 1117/730/1194 1118/731/1210
f 1116/729/1209 1118/731/1210 1152/732/1211
f 1116/729/1209 1152/732/1211 1153/726/1206
f 1118/731/1210 1119/733/1194 1120/734/1212
f 1118/731/1210 1120/734/1212 1151/735/1213
f 1118/731/1210 1151/735/1213 1152/732/1211
f 1120/734/1212 1121/736/1214 1160/737/1215
f 1160/737/1215 1151/735/1213 1120/734/1212
f 1150/738/1216 1160/737/1215 1121/736/1214
f 1150/738/1216 1121/736/1214 1122/739/1217
f 1150/738/1216 1122/739/1217 1123/740/1218
f 1123/740/1218 1124/741/1194 1125/742/1219
f 1123/740/1218 1125/742/1219 1161/743/1220
f 1123/740/1218 1161/743/1220 1150/738/1216
f 1161/743/1220 1125/742/1219 1126/744/1221
f 1161/743/1220 1126/744/1221 1127/745/1222
f 1161/743/1220 1127/745/1222 1149/746/1223
f 1127/745/1222 1128/747/1224 1148/748/1225
f 1148/748/1225 1149/746/1223 1127/745/1222
f 1128/747/1224 1129/749/1226 1147/750/1227
f 1147/750/1227 1148/748/1225 1128/747/1224
f 1163/751/1228 1147/750/1227 1129/749/1226
f 1163/751/1228 1129/749/1226 1130/752/1229
f 1163/751/1228 1130/752/1229 1131/753/1230
f 1131/753/1230 1132/754/1194 1133/755/1231
f 1131/753/1230 1133/755/1231 1164/756/1232
f 1131/753/1230 1164/756/1232 1163/751/1228
f 1133/755/1231 1134/757/1233 1168/758/1234
f 1168/758/1234 1164/756/1232 1133/755/1231
f 1137/759/1235 1165/760/1236 1146/761/1237
f 1146/761/1237 1136/762/1238 1137/759/1235
f 1165/760/1236 1137/759/1235 1138/763/1239
f 1165/760/1236 1138/763/1239 1139/764/1240
f 1165/760/1236 1139/764/1240 1166/765/1241
f 1166/765/1241 1139/764/1240 1140/766/1242
f 1166/765/1241 1140/766/1242 1141/767/1243
f 1166/765/1241 1141/767/1243 1145/768/1244
f 1142/769/1245 1167/770/1246 1145/768/1244
f 1145/768/1244 1141/767/1243 1142/769/1245
f 1142/769/1245 1143/771/1247 1144/772/1248
f 1144/772/1248 1167/770/1246 1142/769/1245
f 1168/758/1234 1134/757/1233 1135/773/1249
f 1168/758/1234 1135/773/1249 1136/762/1238
f 1168/758/1234 1136/762/1238 1146/761/1237
f 1169/774/1250 1170/775/1251 1181/776/1252
f 1181/776/1252 1182/777/1253 1169/774/1250
f 1172/778/1254 1173/779/1255 1179/780/1256
f 1170/775/1251 1171/781/1257 1180/782/1258
f 1180/782/1258 1181/776/1252 1170/775/1251
f 1171/781/1257 1172/778/1254 1179/780/1256
f 1179/780/1256 1180/782/1258 1171/781/1257
f 1175/783/1259 1179/780/1256 1173/779/1255
f 1173/779/1255 1174/784/1260 1175/783/1259
f 1175/783/1259 1176/785/1261 1180/782/1258
f 1180/782/1258 1179/780/1256 1175/783/1259
f 1176/785/1261 1178/786/1262 1181/776/1252
f 1181/776/1252 1180/782/1258 1176/785/1261
f 1178/786/1262 1177/787/1263 1182/777/1253
f 1182/777/1253 1181/776/1252 1178/786/1262
f 1186/788/1264 1187/789/1265 1184/790/1266
f 1184/790/1266 1185/791/1267 1186/788/1264
f 1190/792/1268 1191/793/1269 1192/794/1270
f 1192/794/1270 1189/795/1271 1190/792/1268
f 1189/795/1271 1192/794/1270 1193/796/1272
f 1193/796/1272 1188/797/1273 1189/795/1271
f 1194/798/1274 1183/799/1275 1184/790/1266
f 1184/790/1266 1187/789/1265 1194/798/1274
f 1188/797/1273 1193/796/1272 1183/799/1275
f 1183/799/1275 1194/798/1274 1188/797/1273
f 1196/312/319 172/310/317 1195/311/318
